{
    "info": {
        "device": "cuda",
        "epoch": 20,
        "dataset": "stl10",
        "data_path": "/host/ubuntu/torch",
        "bs": 32,
        "root_path": "/host/ubuntu/torch",
        "arch": "swin_large_patch4_window12_384_22k",
        "lr": 0.001,
        "lr_scheduler": "step",
        "lr_step": 5,
        "lr_gamma": 0.5,
        "lr_scale": 0.1,
        "limit_train": 200,
        "limit_test": 0,
        "stats_fp": "./logs/massA/stats_210716_113720.json",
        "lineareval": true,
        "earlystop_epoch": 5,
        "pretrained": true,
        "note": "",
        "opt": "adamw",
        "fc": [
            512,
            128,
            32
        ],
        "image_size": 384
    },
    "telem": {
        "hardware": "1x3090",
        "sample_count_train": 200,
        "sample_count_val": 8000,
        "completed": false,
        "time_stamp": "210716_113720",
        "time_start": 1626435458.6857157,
        "time_finish": 1626437928.4411063,
        "time_elapsed": 2469.7553906440735,
        "time_updated": 1626437928.441113,
        "bs": null,
        "mode": "lineareval"
    },
    "results": {
        "epochs": 19,
        "epoch.time": 123.24487093687057,
        "epoch.sample_time": 0.0,
        "train.time": 4.067635452747345,
        "val.time": 119.17723548412323,
        "train.sample_time": 0.020338177263736722,
        "val.sample_time": 0.014897154435515404,
        "train.acc": 1.0,
        "train.loss": 9.999,
        "val.acc": 0.993875,
        "val.loss": 9.999
    },
    "train": [
        {
            "epoch": 0,
            "sample": 200,
            "lr": 0.001,
            "loss": 2.1587983540126254,
            "acc": 0.555,
            "time": 8.017537832260132,
            "time_start": 1626435458.6857157,
            "time_finish": 1626435466.7032535,
            "time_cost": 8.017537832260132
        },
        {
            "epoch": 1,
            "sample": 200,
            "lr": 0.001,
            "loss": 1.2366771783147539,
            "acc": 0.67,
            "time": 3.8502142429351807,
            "time_start": 1626435586.154383,
            "time_finish": 1626435590.0045972,
            "time_cost": 3.8502142429351807
        },
        {
            "epoch": 2,
            "sample": 200,
            "lr": 0.001,
            "loss": 0.35546123289636206,
            "acc": 0.975,
            "time": 3.863137722015381,
            "time_start": 1626435709.4729943,
            "time_finish": 1626435713.336132,
            "time_cost": 3.863137722015381
        },
        {
            "epoch": 3,
            "sample": 200,
            "lr": 0.001,
            "loss": 0.04744278772601059,
            "acc": 1.0,
            "time": 3.835381269454956,
            "time_start": 1626435832.7707536,
            "time_finish": 1626435836.606135,
            "time_cost": 3.835381269454956
        },
        {
            "epoch": 4,
            "sample": 200,
            "lr": 0.001,
            "loss": 0.0043870982980089525,
            "acc": 1.0,
            "time": 3.884561538696289,
            "time_start": 1626435956.1213756,
            "time_finish": 1626435960.005937,
            "time_cost": 3.884561538696289
        },
        {
            "epoch": 5,
            "sample": 200,
            "lr": 0.0005,
            "loss": 0.001623884608436908,
            "acc": 1.0,
            "time": 3.904402732849121,
            "time_start": 1626436079.4003139,
            "time_finish": 1626436083.3047166,
            "time_cost": 3.904402732849121
        },
        {
            "epoch": 6,
            "sample": 200,
            "lr": 0.0005,
            "loss": 0.0012376167994391704,
            "acc": 1.0,
            "time": 3.8180925846099854,
            "time_start": 1626436202.7129993,
            "time_finish": 1626436206.531092,
            "time_cost": 3.8180925846099854
        },
        {
            "epoch": 7,
            "sample": 200,
            "lr": 0.0005,
            "loss": 0.0008348798084106031,
            "acc": 1.0,
            "time": 3.8229901790618896,
            "time_start": 1626436325.7610316,
            "time_finish": 1626436329.5840218,
            "time_cost": 3.8229901790618896
        },
        {
            "epoch": 8,
            "sample": 200,
            "lr": 0.0005,
            "loss": 0.0006828497737712626,
            "acc": 1.0,
            "time": 3.854353904724121,
            "time_start": 1626436449.137232,
            "time_finish": 1626436452.991586,
            "time_cost": 3.854353904724121
        },
        {
            "epoch": 9,
            "sample": 200,
            "lr": 0.0005,
            "loss": 0.0007493338697323841,
            "acc": 1.0,
            "time": 3.851242780685425,
            "time_start": 1626436572.3095624,
            "time_finish": 1626436576.1608052,
            "time_cost": 3.851242780685425
        },
        {
            "epoch": 10,
            "sample": 200,
            "lr": 0.00025,
            "loss": 0.0004903630137310497,
            "acc": 1.0,
            "time": 3.8442118167877197,
            "time_start": 1626436695.5109396,
            "time_finish": 1626436699.3551514,
            "time_cost": 3.8442118167877197
        },
        {
            "epoch": 11,
            "sample": 200,
            "lr": 0.00025,
            "loss": 0.0007066996144463442,
            "acc": 1.0,
            "time": 3.844088554382324,
            "time_start": 1626436818.791761,
            "time_finish": 1626436822.6358495,
            "time_cost": 3.844088554382324
        },
        {
            "epoch": 12,
            "sample": 200,
            "lr": 0.00025,
            "loss": 0.00045900530364763526,
            "acc": 1.0,
            "time": 3.856555461883545,
            "time_start": 1626436942.0586047,
            "time_finish": 1626436945.9151602,
            "time_cost": 3.856555461883545
        },
        {
            "epoch": 13,
            "sample": 200,
            "lr": 0.00025,
            "loss": 0.00036394581963707296,
            "acc": 1.0,
            "time": 3.927985429763794,
            "time_start": 1626437065.3016102,
            "time_finish": 1626437069.2295957,
            "time_cost": 3.927985429763794
        },
        {
            "epoch": 14,
            "sample": 200,
            "lr": 0.00025,
            "loss": 0.00042554438446781466,
            "acc": 1.0,
            "time": 3.8765671253204346,
            "time_start": 1626437188.7264736,
            "time_finish": 1626437192.6030407,
            "time_cost": 3.8765671253204346
        },
        {
            "epoch": 15,
            "sample": 200,
            "lr": 0.000125,
            "loss": 0.00046002076123841107,
            "acc": 1.0,
            "time": 3.8856494426727295,
            "time_start": 1626437311.9431276,
            "time_finish": 1626437315.828777,
            "time_cost": 3.8856494426727295
        },
        {
            "epoch": 16,
            "sample": 200,
            "lr": 0.000125,
            "loss": 0.00037501965873941245,
            "acc": 1.0,
            "time": 3.852536916732788,
            "time_start": 1626437435.2318006,
            "time_finish": 1626437439.0843375,
            "time_cost": 3.852536916732788
        },
        {
            "epoch": 17,
            "sample": 200,
            "lr": 0.000125,
            "loss": 0.00028024925268255174,
            "acc": 1.0,
            "time": 3.8433477878570557,
            "time_start": 1626437558.4822233,
            "time_finish": 1626437562.325571,
            "time_cost": 3.8433477878570557
        },
        {
            "epoch": 18,
            "sample": 200,
            "lr": 0.000125,
            "loss": 0.0004729159575487886,
            "acc": 1.0,
            "time": 3.8806533813476562,
            "time_start": 1626437681.8566725,
            "time_finish": 1626437685.737326,