{
    "info": {
        "device": "cuda",
        "epoch": 20,
        "dataset": "stl10",
        "data_path": "/host/ubuntu/torch",
        "bs": 32,
        "root_path": "/host/ubuntu/torch",
        "arch": "wide_resnet50_2",
        "lr": 0.001,
        "lr_scheduler": "step",
        "lr_step": 5,
        "lr_gamma": 0.5,
        "lr_scale": 0.1,
        "limit_train": 200,
        "limit_test": 0,
        "stats_fp": "./logs/massA/stats_210716_130406.json",
        "lineareval": true,
        "earlystop_epoch": 5,
        "pretrained": true,
        "note": "",
        "opt": "adamw",
        "fc": [
            512,
            128,
            32
        ],
        "image_size": 224
    },
    "telem": {
        "hardware": "1x3090",
        "sample_count_train": 200,
        "sample_count_val": 8000,
        "completed": false,
        "time_stamp": "210716_130406",
        "time_start": 1626440663.9266398,
        "time_finish": 1626440978.0068417,
        "time_elapsed": 314.08020186424255,
        "time_updated": 1626440978.006853,
        "bs": null,
        "mode": "lineareval"
    },
    "results": {
        "epochs": 19,
        "epoch.time": 15.47553609609604,
        "epoch.sample_time": 0.0,
        "train.time": 1.1268710136413573,
        "val.time": 14.348665082454682,
        "train.sample_time": 0.005634355068206786,
        "val.sample_time": 0.0017935831353068353,
        "train.acc": 1.0,
        "train.loss": 9.999,
        "val.acc": 0.90875,
        "val.loss": 9.999
    },
    "train": [
        {
            "epoch": 0,
            "sample": 200,
            "lr": 0.001,
            "loss": 2.218801668712071,
            "acc": 0.225,
            "time": 1.1864120960235596,
            "time_start": 1626440663.9266398,
            "time_finish": 1626440665.113052,
            "time_cost": 1.1864120960235596
        },
        {
            "epoch": 1,
            "sample": 200,
            "lr": 0.001,
            "loss": 1.748365776879447,
            "acc": 0.355,
            "time": 1.2479143142700195,
            "time_start": 1626440679.5819201,
            "time_finish": 1626440680.8298345,
            "time_cost": 1.2479143142700195
        },
        {
            "epoch": 2,
            "sample": 200,
            "lr": 0.001,
            "loss": 1.1362529397010803,
            "acc": 0.58,
            "time": 1.0999534130096436,
            "time_start": 1626440695.450591,
            "time_finish": 1626440696.5505445,
            "time_cost": 1.0999534130096436
        },
        {
            "epoch": 3,
            "sample": 200,
            "lr": 0.001,
            "loss": 0.7065303538526807,
            "acc": 0.815,
            "time": 1.0670247077941895,
            "time_start": 1626440711.2043843,
            "time_finish": 1626440712.271409,
            "time_cost": 1.0670247077941895
        },
        {
            "epoch": 4,
            "sample": 200,
            "lr": 0.001,
            "loss": 0.5944551186902183,
            "acc": 0.825,
            "time": 1.079927682876587,
            "time_start": 1626440726.955077,
            "time_finish": 1626440728.0350046,
            "time_cost": 1.079927682876587
        },
        {
            "epoch": 5,
            "sample": 200,
            "lr": 0.0005,
            "loss": 0.767289285148893,
            "acc": 0.85,
            "time": 1.1297366619110107,
            "time_start": 1626440742.6755166,
            "time_finish": 1626440743.8052533,
            "time_cost": 1.1297366619110107
        },
        {
            "epoch": 6,
            "sample": 200,
            "lr": 0.0005,
            "loss": 0.5243545855794635,
            "acc": 0.905,
            "time": 1.0992422103881836,
            "time_start": 1626440758.3630311,
            "time_finish": 1626440759.4622734,
            "time_cost": 1.0992422103881836
        },
        {
            "epoch": 7,
            "sample": 200,
            "lr": 0.0005,
            "loss": 0.42161586454936434,
            "acc": 0.87,
            "time": 1.1576316356658936,
            "time_start": 1626440774.1121776,
            "time_finish": 1626440775.2698092,
            "time_cost": 1.1576316356658936
        },
        {
            "epoch": 8,
            "sample": 200,
            "lr": 0.0005,
            "loss": 0.3159903756209782,
            "acc": 0.895,
            "time": 1.1461246013641357,
            "time_start": 1626440789.8047757,
            "time_finish": 1626440790.9509003,
            "time_cost": 1.1461246013641357
        },
        {
            "epoch": 9,
            "sample": 200,
            "lr": 0.0005,
            "loss": 0.2452426552772522,
            "acc": 0.93,
            "time": 1.106837272644043,
            "time_start": 1626440805.6222444,
            "time_finish": 1626440806.7290816,
            "time_cost": 1.106837272644043
        },
        {
            "epoch": 10,
            "sample": 200,
            "lr": 0.00025,
            "loss": 0.2154121696949005,
            "acc": 0.97,
            "time": 1.0942654609680176,
            "time_start": 1626440821.30557,
            "time_finish": 1626440822.3998353,
            "time_cost": 1.0942654609680176
        },
        {
            "epoch": 11,
            "sample": 200,
            "lr": 0.00025,
            "loss": 0.1678635020341192,
            "acc": 0.99,
            "time": 1.168938159942627,
            "time_start": 1626440837.0021033,
            "time_finish": 1626440838.1710415,
            "time_cost": 1.168938159942627
        },
        {
            "epoch": 12,
            "sample": 200,
            "lr": 0.00025,
            "loss": 0.26101915751184734,
            "acc": 0.975,
            "time": 1.1220736503601074,
            "time_start": 1626440852.641929,
            "time_finish": 1626440853.7640026,
            "time_cost": 1.1220736503601074
        },
        {
            "epoch": 13,
            "sample": 200,
            "lr": 0.00025,
            "loss": 0.12746925332716533,
            "acc": 0.985,
            "time": 1.0515711307525635,
            "time_start": 1626440868.2828982,
            "time_finish": 1626440869.3344693,
            "time_cost": 1.0515711307525635
        },
        {
            "epoch": 14,
            "sample": 200,
            "lr": 0.00025,
            "loss": 0.14697434646742685,
            "acc": 0.98,
            "time": 1.1065142154693604,
            "time_start": 1626440883.9248846,
            "time_finish": 1626440885.0313988,
            "time_cost": 1.1065142154693604
        },
        {
            "epoch": 15,
            "sample": 200,
            "lr": 0.000125,
            "loss": 0.11647959372826985,
            "acc": 0.99,
            "time": 1.1411104202270508,
            "time_start": 1626440899.5068834,
            "time_finish": 1626440900.6479938,
            "time_cost": 1.1411104202270508
        },
        {
            "epoch": 16,
            "sample": 200,
            "lr": 0.000125,
            "loss": 0.14468431047030858,
            "acc": 0.985,
            "time": 1.1301815509796143,
            "time_start": 1626440915.310465,
            "time_finish": 1626440916.4406466,
            "time_cost": 1.1301815509796143
        },
        {
            "epoch": 17,
            "sample": 200,
            "lr": 0.000125,
            "loss": 0.09309472037213189,
            "acc": 1.0,
            "time": 1.1232929229736328,
            "time_start": 1626440930.9976125,
            "time_finish": 1626440932.1209054,
            "time_cost": 1.1232929229736328
        },
        {
            "epoch": 18,
            "sample": 200,
            "lr": 0.000125,
            "loss": 0.10278729189719472,
            "acc": 0.98,
            "time": 1.1114413738250732,
            "time_start": 1626440946.6140468,
            "time_finish": 1626440947.7254882,