{
    "info": {
        "device": "cuda",
        "epoch": 20,
        "dataset": "stl10",
        "data_path": "/host/ubuntu/torch",
        "bs": 32,
        "root_path": "/host/ubuntu/torch",
        "arch": "dino_vitb8",
        "lr": 0.001,
        "lr_scheduler": "step",
        "lr_step": 5,
        "lr_gamma": 0.5,
        "lr_scale": 0.1,
        "limit_train": 0,
        "limit_test": 0,
        "stats_fp": "./logs/massA/stats_210716_022442.json",
        "lineareval": true,
        "earlystop_epoch": 5,
        "pretrained": true,
        "note": "",
        "opt": "adamw",
        "fc": [
            512,
            128,
            32
        ],
        "image_size": 224
    },
    "telem": {
        "hardware": "1x3090",
        "sample_count_train": 5000,
        "sample_count_val": 8000,
        "completed": false,
        "time_stamp": "210716_022442",
        "time_start": 1626402296.1525087,
        "time_finish": 1626406946.7245722,
        "time_elapsed": 4650.572063446045,
        "time_updated": 1626406946.7245786,
        "bs": null,
        "mode": "lineareval"
    },
    "results": {
        "epochs": 19,
        "epoch.time": 232.30362651348116,
        "epoch.sample_time": 0.0,
        "train.time": 89.54045848846435,
        "val.time": 142.7631680250168,
        "train.sample_time": 0.01790809169769287,
        "val.sample_time": 0.0178453960031271,
        "train.acc": 1.0,
        "train.loss": 9.999,
        "val.acc": 0.99325,
        "val.loss": 9.999
    },
    "train": [
        {
            "epoch": 0,
            "sample": 5000,
            "lr": 0.0010000000000000002,
            "loss": 0.168924731256553,
            "acc": 0.9636,
            "time": 95.05734658241272,
            "time_start": 1626402296.1525087,
            "time_finish": 1626402391.2098553,
            "time_cost": 95.05734658241272
        },
        {
            "epoch": 1,
            "sample": 5000,
            "lr": 0.0010000000000000002,
            "loss": 0.013110114996982175,
            "acc": 0.9962,
            "time": 89.91822052001953,
            "time_start": 1626402534.852322,
            "time_finish": 1626402624.7705426,
            "time_cost": 89.91822052001953
        },
        {
            "epoch": 2,
            "sample": 5000,
            "lr": 0.0010000000000000002,
            "loss": 0.0013155419938481775,
            "acc": 0.9998,
            "time": 89.64341807365417,
            "time_start": 1626402768.3473947,
            "time_finish": 1626402857.9908128,
            "time_cost": 89.64341807365417
        },
        {
            "epoch": 3,
            "sample": 5000,
            "lr": 0.0010000000000000002,
            "loss": 0.0013726219288163386,
            "acc": 0.9996,
            "time": 89.78383946418762,
            "time_start": 1626403001.4963543,
            "time_finish": 1626403091.2801938,
            "time_cost": 89.78383946418762
        },
        {
            "epoch": 4,
            "sample": 5000,
            "lr": 0.0010000000000000002,
            "loss": 0.005877640140581415,
            "acc": 0.9984,
            "time": 89.6466772556305,
            "time_start": 1626403234.7881434,
            "time_finish": 1626403324.4348207,
            "time_cost": 89.6466772556305
        },
        {
            "epoch": 5,
            "sample": 5000,
            "lr": 0.0005000000000000001,
            "loss": 0.001113012237987173,
            "acc": 0.9998,
            "time": 89.54161858558655,
            "time_start": 1626403468.2699068,
            "time_finish": 1626403557.8115253,
            "time_cost": 89.54161858558655
        },
        {
            "epoch": 6,
            "sample": 5000,
            "lr": 0.0005000000000000001,
            "loss": 0.001969143144565727,
            "acc": 0.9994,
            "time": 79.2363133430481,
            "time_start": 1626403690.6421957,
            "time_finish": 1626403769.878509,
            "time_cost": 79.2363133430481
        },
        {
            "epoch": 7,
            "sample": 5000,
            "lr": 0.0005000000000000001,
            "loss": 0.000520347663809612,
            "acc": 0.9996,
            "time": 89.70826244354248,
            "time_start": 1626403913.6429105,
            "time_finish": 1626404003.351173,
            "time_cost": 89.70826244354248
        },
        {
            "epoch": 8,
            "sample": 5000,
            "lr": 0.0005000000000000001,
            "loss": 7.665412784170338e-05,
            "acc": 1.0,
            "time": 89.82340693473816,
            "time_start": 1626404147.250274,
            "time_finish": 1626404237.0736809,
            "time_cost": 89.82340693473816
        },
        {
            "epoch": 9,
            "sample": 5000,
            "lr": 0.0005000000000000001,
            "loss": 0.0001304628027803878,
            "acc": 1.0,
            "time": 89.7959942817688,
            "time_start": 1626404380.7097778,
            "time_finish": 1626404470.505772,
            "time_cost": 89.7959942817688
        },
        {
            "epoch": 10,
            "sample": 5000,
            "lr": 0.00025000000000000006,
            "loss": 5.0364408168062176e-05,
            "acc": 1.0,
            "time": 89.75401067733765,
            "time_start": 1626404612.8850915,
            "time_finish": 1626404702.6391022,
            "time_cost": 89.75401067733765
        },
        {
            "epoch": 11,
            "sample": 5000,
            "lr": 0.00025000000000000006,
            "loss": 5.7491928973860784e-05,
            "acc": 1.0,
            "time": 89.56064891815186,
            "time_start": 1626404846.3279955,
            "time_finish": 1626404935.8886445,
            "time_cost": 89.56064891815186
        },
        {
            "epoch": 12,
            "sample": 5000,
            "lr": 0.00025000000000000006,
            "loss": 8.118525647515312e-05,
            "acc": 1.0,
            "time": 89.87209057807922,
            "time_start": 1626405079.9608982,
            "time_finish": 1626405169.8329887,
            "time_cost": 89.87209057807922
        },
        {
            "epoch": 13,
            "sample": 5000,
            "lr": 0.00025000000000000006,
            "loss": 4.4853337407660946e-05,
            "acc": 1.0,
            "time": 90.17541241645813,
            "time_start": 1626405313.6839452,
            "time_finish": 1626405403.8593576,
            "time_cost": 90.17541241645813
        },
        {
            "epoch": 14,
            "sample": 5000,
            "lr": 0.00025000000000000006,
            "loss": 4.690854823503536e-05,
            "acc": 1.0,
            "time": 89.93240070343018,
            "time_start": 1626405547.3109255,
            "time_finish": 1626405637.2433262,
            "time_cost": 89.93240070343018
        },
        {
            "epoch": 15,
            "sample": 5000,
            "lr": 0.00012500000000000003,
            "loss": 3.774492173830761e-05,
            "acc": 1.0,
            "time": 89.93906855583191,
            "time_start": 1626405780.7535412,
            "time_finish": 1626405870.6926098,
            "time_cost": 89.93906855583191
        },
        {
            "epoch": 16,
            "sample": 5000,
            "lr": 0.00012500000000000003,
            "loss": 3.166160364558952e-05,
            "acc": 1.0,
            "time": 89.87145209312439,
            "time_start": 1626406014.3811576,
            "time_finish": 1626406104.2526097,
            "time_cost": 89.87145209312439
        },
        {
            "epoch": 17,
            "sample": 5000,
            "lr": 0.00012500000000000003,
            "loss": 2.6262986247778954e-05,
            "acc": 1.0,
            "time": 89.83769464492798,
            "time_start": 1626406248.5879269,
            "time_finish": 1626406338.4256215,
            "time_cost": 89.83769464492798
        },
        {
            "epoch": 18,