{
    "info": {
        "device": "cuda",
        "epoch": 20,
        "dataset": "stl10",
        "data_path": "/host/ubuntu/torch",
        "bs": 32,
        "root_path": "/host/ubuntu/torch",
        "arch": "resnext101_32x8d",
        "lr": 0.001,
        "lr_scheduler": "step",
        "lr_step": 5,
        "lr_gamma": 0.5,
        "lr_scale": 0.1,
        "limit_train": 400,
        "limit_test": 0,
        "stats_fp": "./logs/massA/stats_210716_100831.json",
        "lineareval": true,
        "earlystop_epoch": 5,
        "pretrained": true,
        "note": "",
        "opt": "adamw",
        "fc": [
            512,
            128,
            32
        ],
        "image_size": 224
    },
    "telem": {
        "hardware": "1x3090",
        "sample_count_train": 400,
        "sample_count_val": 8000,
        "completed": false,
        "time_stamp": "210716_100831",
        "time_start": 1626430130.9300928,
        "time_finish": 1626430672.576472,
        "time_elapsed": 541.6463792324066,
        "time_updated": 1626430672.5764782,
        "bs": null,
        "mode": "lineareval"
    },
    "results": {
        "epochs": 19,
        "epoch.time": 26.858579289913177,
        "epoch.sample_time": 0.0,
        "train.time": 1.9070870995521545,
        "val.time": 24.951492190361023,
        "train.sample_time": 0.004767717748880386,
        "val.sample_time": 0.003118936523795128,
        "train.acc": 1.0,
        "train.loss": 9.999,
        "val.acc": 0.966375,
        "val.loss": 9.999
    },
    "train": [
        {
            "epoch": 0,
            "sample": 400,
            "lr": 0.0010000000000000005,
            "loss": 1.781049214876615,
            "acc": 0.525,
            "time": 1.9227585792541504,
            "time_start": 1626430130.9300928,
            "time_finish": 1626430132.8528514,
            "time_cost": 1.9227585792541504
        },
        {
            "epoch": 1,
            "sample": 400,
            "lr": 0.0010000000000000005,
            "loss": 0.4971840037749364,
            "acc": 0.905,
            "time": 1.9119975566864014,
            "time_start": 1626430158.1138077,
            "time_finish": 1626430160.0258052,
            "time_cost": 1.9119975566864014
        },
        {
            "epoch": 2,
            "sample": 400,
            "lr": 0.0010000000000000005,
            "loss": 0.33378030015872073,
            "acc": 0.9,
            "time": 1.9221351146697998,
            "time_start": 1626430185.236692,
            "time_finish": 1626430187.158827,
            "time_cost": 1.9221351146697998
        },
        {
            "epoch": 3,
            "sample": 400,
            "lr": 0.0010000000000000005,
            "loss": 0.15951943999299636,
            "acc": 0.9525,
            "time": 1.9920566082000732,
            "time_start": 1626430212.3382337,
            "time_finish": 1626430214.3302903,
            "time_cost": 1.9920566082000732
        },
        {
            "epoch": 4,
            "sample": 400,
            "lr": 0.0010000000000000005,
            "loss": 0.22187050603903258,
            "acc": 0.9375,
            "time": 1.8812963962554932,
            "time_start": 1626430239.638018,
            "time_finish": 1626430241.5193143,
            "time_cost": 1.8812963962554932
        },
        {
            "epoch": 5,
            "sample": 400,
            "lr": 0.0005000000000000002,
            "loss": 0.13508420924727732,
            "acc": 0.955,
            "time": 1.9485540390014648,
            "time_start": 1626430266.6017857,
            "time_finish": 1626430268.5503397,
            "time_cost": 1.9485540390014648
        },
        {
            "epoch": 6,
            "sample": 400,
            "lr": 0.0005000000000000002,
            "loss": 0.06552785806930982,
            "acc": 0.98,
            "time": 1.8653786182403564,
            "time_start": 1626430293.666035,
            "time_finish": 1626430295.5314136,
            "time_cost": 1.8653786182403564
        },
        {
            "epoch": 7,
            "sample": 400,
            "lr": 0.0005000000000000002,
            "loss": 0.06881279247598006,
            "acc": 0.9825,
            "time": 1.882359504699707,
            "time_start": 1626430320.7592835,
            "time_finish": 1626430322.641643,
            "time_cost": 1.882359504699707
        },
        {
            "epoch": 8,
            "sample": 400,
            "lr": 0.0005000000000000002,
            "loss": 0.03881193482531951,
            "acc": 0.9925,
            "time": 1.9533710479736328,
            "time_start": 1626430347.8784332,
            "time_finish": 1626430349.8318043,
            "time_cost": 1.9533710479736328
        },
        {
            "epoch": 9,
            "sample": 400,
            "lr": 0.0005000000000000002,
            "loss": 0.03981307464150282,
            "acc": 0.985,
            "time": 1.9215497970581055,
            "time_start": 1626430374.8611727,
            "time_finish": 1626430376.7827225,
            "time_cost": 1.9215497970581055
        },
        {
            "epoch": 10,
            "sample": 400,
            "lr": 0.0002500000000000001,
            "loss": 0.01942118970104135,
            "acc": 0.995,
            "time": 1.8890397548675537,
            "time_start": 1626430402.0344687,
            "time_finish": 1626430403.9235084,
            "time_cost": 1.8890397548675537
        },
        {
            "epoch": 11,
            "sample": 400,
            "lr": 0.0002500000000000001,
            "loss": 0.018374153341238316,
            "acc": 0.995,
            "time": 1.8814804553985596,
            "time_start": 1626430429.1023822,
            "time_finish": 1626430430.9838626,
            "time_cost": 1.8814804553985596
        },
        {
            "epoch": 12,
            "sample": 400,
            "lr": 0.0002500000000000001,
            "loss": 0.010990553123589892,
            "acc": 0.9975,
            "time": 1.8457460403442383,
            "time_start": 1626430456.1363764,
            "time_finish": 1626430457.9821224,
            "time_cost": 1.8457460403442383
        },
        {
            "epoch": 13,
            "sample": 400,
            "lr": 0.0002500000000000001,
            "loss": 0.011616491605169497,
            "acc": 0.9975,
            "time": 1.8705987930297852,
            "time_start": 1626430483.2234948,
            "time_finish": 1626430485.0940936,
            "time_cost": 1.8705987930297852
        },
        {
            "epoch": 14,
            "sample": 400,
            "lr": 0.0002500000000000001,
            "loss": 0.011414852244063066,
            "acc": 1.0,
            "time": 1.9104247093200684,
            "time_start": 1626430510.2252505,
            "time_finish": 1626430512.1356752,
            "time_cost": 1.9104247093200684
        },
        {
            "epoch": 15,
            "sample": 400,
            "lr": 0.00012500000000000006,
            "loss": 0.015770577359944582,
            "acc": 0.9975,
            "time": 1.8990066051483154,
            "time_start": 1626430537.245654,
            "time_finish": 1626430539.1446607,
            "time_cost": 1.8990066051483154
        },
        {
            "epoch": 16,
            "sample": 400,
            "lr": 0.00012500000000000006,
            "loss": 0.01011586131957861,
            "acc": 0.9975,
            "time": 1.9126372337341309,
            "time_start": 1626430564.3204403,
            "time_finish": 1626430566.2330775,
            "time_cost": 1.9126372337341309
        },
        {
            "epoch": 17,
            "sample": 400,
            "lr": 0.00012500000000000006,
            "loss": 0.013033087293689068,
            "acc": 0.995,
            "time": 1.8745195865631104,
            "time_start": 1626430591.4376094,
            "time_finish": 1626430593.312129,