{
    "info": {
        "device": "cuda",
        "epoch": 20,
        "dataset": "stl10",
        "data_path": "/host/ubuntu/torch",
        "bs": 32,
        "root_path": "/host/ubuntu/torch",
        "arch": "swin_base_patch4_window12_384",
        "lr": 0.001,
        "lr_scheduler": "step",
        "lr_step": 5,
        "lr_gamma": 0.5,
        "lr_scale": 0.1,
        "limit_train": 800,
        "limit_test": 0,
        "stats_fp": "./logs/massA/stats_210716_051843.json",
        "lineareval": true,
        "earlystop_epoch": 5,
        "pretrained": true,
        "note": "",
        "opt": "adamw",
        "fc": [
            512,
            128,
            32
        ],
        "image_size": 384
    },
    "telem": {
        "hardware": "1x3090",
        "sample_count_train": 800,
        "sample_count_val": 8000,
        "completed": false,
        "time_stamp": "210716_051843",
        "time_start": 1626412738.3346233,
        "time_finish": 1626415704.3581893,
        "time_elapsed": 2966.023566007614,
        "time_updated": 1626415704.3581958,
        "bs": null,
        "mode": "lineareval"
    },
    "results": {
        "epochs": 19,
        "epoch.time": 148.0530457496643,
        "epoch.sample_time": 0.0,
        "train.time": 14.489044868946076,
        "val.time": 133.56400088071823,
        "train.sample_time": 0.018111306086182596,
        "val.sample_time": 0.01669550011008978,
        "train.acc": 1.0,
        "train.loss": 9.999,
        "val.acc": 0.979875,
        "val.loss": 9.999
    },
    "train": [
        {
            "epoch": 0,
            "sample": 800,
            "lr": 0.001,
            "loss": 1.3347414171695708,
            "acc": 0.81375,
            "time": 19.6927433013916,
            "time_start": 1626412738.3346233,
            "time_finish": 1626412758.0273666,
            "time_cost": 19.6927433013916
        },
        {
            "epoch": 1,
            "sample": 800,
            "lr": 0.001,
            "loss": 0.0910848645400256,
            "acc": 0.98125,
            "time": 14.205368757247925,
            "time_start": 1626412892.4962735,
            "time_finish": 1626412906.7016423,
            "time_cost": 14.205368757247925
        },
        {
            "epoch": 2,
            "sample": 800,
            "lr": 0.001,
            "loss": 0.02400561625137925,
            "acc": 0.995,
            "time": 14.152031898498535,
            "time_start": 1626413041.1231842,
            "time_finish": 1626413055.275216,
            "time_cost": 14.152031898498535
        },
        {
            "epoch": 3,
            "sample": 800,
            "lr": 0.001,
            "loss": 0.012942928373813629,
            "acc": 0.9975,
            "time": 14.140640497207642,
            "time_start": 1626413189.838324,
            "time_finish": 1626413203.9789646,
            "time_cost": 14.140640497207642
        },
        {
            "epoch": 4,
            "sample": 800,
            "lr": 0.001,
            "loss": 0.00467498192912899,
            "acc": 0.99875,
            "time": 14.298609972000122,
            "time_start": 1626413339.0410671,
            "time_finish": 1626413353.339677,
            "time_cost": 14.298609972000122
        },
        {
            "epoch": 5,
            "sample": 800,
            "lr": 0.0005,
            "loss": 0.0015498417196795344,
            "acc": 1.0,
            "time": 14.34457015991211,
            "time_start": 1626413489.0152788,
            "time_finish": 1626413503.359849,
            "time_cost": 14.34457015991211
        },
        {
            "epoch": 6,
            "sample": 800,
            "lr": 0.0005,
            "loss": 0.0012186951760668307,
            "acc": 1.0,
            "time": 14.348307609558105,
            "time_start": 1626413639.1849654,
            "time_finish": 1626413653.533273,
            "time_cost": 14.348307609558105
        },
        {
            "epoch": 7,
            "sample": 800,
            "lr": 0.0005,
            "loss": 0.0010339937146636657,
            "acc": 1.0,
            "time": 14.21760082244873,
            "time_start": 1626413789.2890081,
            "time_finish": 1626413803.506609,
            "time_cost": 14.21760082244873
        },
        {
            "epoch": 8,
            "sample": 800,
            "lr": 0.0005,
            "loss": 0.0007578922912944108,
            "acc": 1.0,
            "time": 14.21704626083374,
            "time_start": 1626413938.1488824,
            "time_finish": 1626413952.3659286,
            "time_cost": 14.21704626083374
        },
        {
            "epoch": 9,
            "sample": 800,
            "lr": 0.0005,
            "loss": 0.0007984883472090587,
            "acc": 1.0,
            "time": 14.169550895690918,
            "time_start": 1626414087.0410104,
            "time_finish": 1626414101.2105613,
            "time_cost": 14.169550895690918
        },
        {
            "epoch": 10,
            "sample": 800,
            "lr": 0.00025,
            "loss": 0.0012828511523548514,
            "acc": 1.0,
            "time": 14.150906324386597,
            "time_start": 1626414235.8047435,
            "time_finish": 1626414249.9556499,
            "time_cost": 14.150906324386597
        },
        {
            "epoch": 11,
            "sample": 800,
            "lr": 0.00025,
            "loss": 0.0026951817725785077,
            "acc": 0.99875,
            "time": 14.20280122756958,
            "time_start": 1626414384.4244065,
            "time_finish": 1626414398.6272078,
            "time_cost": 14.20280122756958
        },
        {
            "epoch": 12,
            "sample": 800,
            "lr": 0.00025,
            "loss": 0.010156881887814962,
            "acc": 0.99875,
            "time": 14.107947587966919,
            "time_start": 1626414533.378314,
            "time_finish": 1626414547.4862616,
            "time_cost": 14.107947587966919
        },
        {
            "epoch": 13,
            "sample": 800,
            "lr": 0.00025,
            "loss": 0.0011779164051404223,
            "acc": 1.0,
            "time": 14.197240114212036,
            "time_start": 1626414682.04407,
            "time_finish": 1626414696.2413101,
            "time_cost": 14.197240114212036
        },
        {
            "epoch": 14,
            "sample": 800,
            "lr": 0.00025,
            "loss": 0.0015265937938238495,
            "acc": 1.0,
            "time": 14.260050058364868,
            "time_start": 1626414831.05614,
            "time_finish": 1626414845.31619,
            "time_cost": 14.260050058364868
        },
        {
            "epoch": 15,
            "sample": 800,
            "lr": 0.000125,
            "loss": 0.0007287904911208898,
            "acc": 1.0,
            "time": 14.255067825317383,
            "time_start": 1626414980.0774825,
            "time_finish": 1626414994.3325503,
            "time_cost": 14.255067825317383
        },
        {
            "epoch": 16,
            "sample": 800,
            "lr": 0.000125,
            "loss": 0.0012088547204621137,
            "acc": 1.0,
            "time": 14.243197441101074,
            "time_start": 1626415128.98461,
            "time_finish": 1626415143.2278075,
            "time_cost": 14.243197441101074
        },
        {
            "epoch": 17,
            "sample": 800,
            "lr": 0.000125,
            "loss": 0.0006213817984098568,
            "acc": 1.0,
            "time": 14.1977379322052,
            "time_start": 1626415277.7120311,
            "time_finish": 1626415291.909769,
            "time_cost": 14.1977379322052
        },
        {
            "epoch": 18,
            "sample": 800,
            "lr": 0.000125,
            "loss": 0.0004851012642029673,
            "acc": 1.0,
            "time": 14.230201721191406,
            "time_start": 1626415426.6193564,
            "time_finish": 1626415440.849558,