{
    "info": {
        "device": "cuda",
        "epoch": 20,
        "dataset": "stl10",
        "data_path": "/host/ubuntu/torch",
        "bs": 32,
        "root_path": "/host/ubuntu/torch",
        "arch": "dino_vits16",
        "lr": 0.001,
        "lr_scheduler": "step",
        "lr_step": 5,
        "lr_gamma": 0.5,
        "lr_scale": 0.1,
        "limit_train": 200,
        "limit_test": 0,
        "stats_fp": "./logs/massA/stats_210716_121851.json",
        "lineareval": true,
        "earlystop_epoch": 5,
        "pretrained": true,
        "note": "",
        "opt": "adamw",
        "fc": [
            512,
            128,
            32
        ],
        "image_size": 224
    },
    "telem": {
        "hardware": "1x3090",
        "sample_count_train": 200,
        "sample_count_val": 8000,
        "completed": false,
        "time_stamp": "210716_121851",
        "time_start": 1626437943.4056134,
        "time_finish": 1626438178.803057,
        "time_elapsed": 235.39744353294373,
        "time_updated": 1626438178.803064,
        "bs": null,
        "mode": "lineareval"
    },
    "results": {
        "epochs": 19,
        "epoch.time": 11.52577623128891,
        "epoch.sample_time": 0.0,
        "train.time": 1.23897864818573,
        "val.time": 10.28679758310318,
        "train.sample_time": 0.006194893240928649,
        "val.sample_time": 0.0012858496978878976,
        "train.acc": 1.0,
        "train.loss": 9.999,
        "val.acc": 0.963625,
        "val.loss": 9.999
    },
    "train": [
        {
            "epoch": 0,
            "sample": 200,
            "lr": 0.001,
            "loss": 1.774427362850734,
            "acc": 0.615,
            "time": 4.474589586257935,
            "time_start": 1626437943.4056134,
            "time_finish": 1626437947.880203,
            "time_cost": 4.474589586257935
        },
        {
            "epoch": 1,
            "sample": 200,
            "lr": 0.001,
            "loss": 0.3574735341327531,
            "acc": 0.95,
            "time": 0.933521032333374,
            "time_start": 1626437957.8300686,
            "time_finish": 1626437958.7635896,
            "time_cost": 0.933521032333374
        },
        {
            "epoch": 2,
            "sample": 200,
            "lr": 0.001,
            "loss": 0.039316305092402866,
            "acc": 0.99,
            "time": 1.0757598876953125,
            "time_start": 1626437968.8980172,
            "time_finish": 1626437969.973777,
            "time_cost": 1.0757598876953125
        },
        {
            "epoch": 3,
            "sample": 200,
            "lr": 0.001,
            "loss": 0.006858422836687948,
            "acc": 1.0,
            "time": 1.0919394493103027,
            "time_start": 1626437980.4756753,
            "time_finish": 1626437981.5676148,
            "time_cost": 1.0919394493103027
        },
        {
            "epoch": 4,
            "sample": 200,
            "lr": 0.001,
            "loss": 0.0010077938953015422,
            "acc": 1.0,
            "time": 1.0747461318969727,
            "time_start": 1626437992.351387,
            "time_finish": 1626437993.4261332,
            "time_cost": 1.0747461318969727
        },
        {
            "epoch": 5,
            "sample": 200,
            "lr": 0.0005,
            "loss": 0.0008314472382023398,
            "acc": 1.0,
            "time": 1.052910327911377,
            "time_start": 1626438003.9856465,
            "time_finish": 1626438005.0385568,
            "time_cost": 1.052910327911377
        },
        {
            "epoch": 6,
            "sample": 200,
            "lr": 0.0005,
            "loss": 0.0006633262424397149,
            "acc": 1.0,
            "time": 0.9898912906646729,
            "time_start": 1626438015.161039,
            "time_finish": 1626438016.1509304,
            "time_cost": 0.9898912906646729
        },
        {
            "epoch": 7,
            "sample": 200,
            "lr": 0.0005,
            "loss": 0.0005257977318251505,
            "acc": 1.0,
            "time": 1.0757155418395996,
            "time_start": 1626438026.8665798,
            "time_finish": 1626438027.9422953,
            "time_cost": 1.0757155418395996
        },
        {
            "epoch": 8,
            "sample": 200,
            "lr": 0.0005,
            "loss": 0.00032909720279608985,
            "acc": 1.0,
            "time": 1.1341907978057861,
            "time_start": 1626438038.706775,
            "time_finish": 1626438039.8409657,
            "time_cost": 1.1341907978057861
        },
        {
            "epoch": 9,
            "sample": 200,
            "lr": 0.0005,
            "loss": 0.00026334290201443115,
            "acc": 1.0,
            "time": 1.136777400970459,
            "time_start": 1626438050.6448061,
            "time_finish": 1626438051.7815835,
            "time_cost": 1.136777400970459
        },
        {
            "epoch": 10,
            "sample": 200,
            "lr": 0.00025,
            "loss": 0.00035277385073381344,
            "acc": 1.0,
            "time": 1.11106276512146,
            "time_start": 1626438062.4319513,
            "time_finish": 1626438063.543014,
            "time_cost": 1.11106276512146
        },
        {
            "epoch": 11,
            "sample": 200,
            "lr": 0.00025,
            "loss": 0.0006155785085866228,
            "acc": 1.0,
            "time": 1.0189142227172852,
            "time_start": 1626438074.0388186,
            "time_finish": 1626438075.0577328,
            "time_cost": 1.0189142227172852
        },
        {
            "epoch": 12,
            "sample": 200,
            "lr": 0.00025,
            "loss": 0.00024756548892972726,
            "acc": 1.0,
            "time": 1.0850884914398193,
            "time_start": 1626438085.6834888,
            "time_finish": 1626438086.7685773,
            "time_cost": 1.0850884914398193
        },
        {
            "epoch": 13,
            "sample": 200,
            "lr": 0.00025,
            "loss": 0.00025207197385108363,
            "acc": 1.0,
            "time": 1.0662503242492676,
            "time_start": 1626438097.4345946,
            "time_finish": 1626438098.500845,
            "time_cost": 1.0662503242492676
        },
        {
            "epoch": 14,
            "sample": 200,
            "lr": 0.00025,
            "loss": 0.0002285620555215116,
            "acc": 1.0,
            "time": 1.0774219036102295,
            "time_start": 1626438109.1378353,
            "time_finish": 1626438110.2152572,
            "time_cost": 1.0774219036102295
        },
        {
            "epoch": 15,
            "sample": 200,
            "lr": 0.000125,
            "loss": 0.00026717641490644643,
            "acc": 1.0,
            "time": 1.046294927597046,
            "time_start": 1626438120.686472,
            "time_finish": 1626438121.7327669,
            "time_cost": 1.046294927597046
        },
        {
            "epoch": 16,
            "sample": 200,
            "lr": 0.000125,
            "loss": 0.00024303248833997974,
            "acc": 1.0,
            "time": 1.040189504623413,
            "time_start": 1626438132.3131926,
            "time_finish": 1626438133.353382,
            "time_cost": 1.040189504623413
        },
        {
            "epoch": 17,
            "sample": 200,
            "lr": 0.000125,
            "loss": 0.00025980128391113667,
            "acc": 1.0,
            "time": 1.1016318798065186,
            "time_start": 1626438143.9581928,
            "time_finish": 1626438145.0598247,
            "time_cost": 1.1016318798065186
        },
        {
            "epoch": 18,
            "sample": 200,
            "lr": 0.000125,
            "loss": 0.0002598114764883316,
            "acc": 1.0,
            "time": 1.075897455215454,
            "time_start": 1626438155.7030182,
            "time_finish": 1626438156.7789156,