{
    "info": {
        "device": "cuda",
        "epoch": 20,
        "dataset": "stl10",
        "data_path": "/host/ubuntu/torch",
        "bs": 32,
        "root_path": "/host/ubuntu/torch",
        "arch": "swin_base_patch4_window12_384",
        "lr": 0.001,
        "lr_scheduler": "step",
        "lr_step": 5,
        "lr_gamma": 0.5,
        "lr_scale": 0.1,
        "limit_train": 400,
        "limit_test": 0,
        "stats_fp": "./logs/massA/stats_210716_081840.json",
        "lineareval": true,
        "earlystop_epoch": 5,
        "pretrained": true,
        "note": "",
        "opt": "adamw",
        "fc": [
            512,
            128,
            32
        ],
        "image_size": 384
    },
    "telem": {
        "hardware": "1x3090",
        "sample_count_train": 400,
        "sample_count_val": 8000,
        "completed": false,
        "time_stamp": "210716_081840",
        "time_start": 1626423535.0197206,
        "time_finish": 1626425104.0968986,
        "time_elapsed": 1569.0771780014038,
        "time_updated": 1626425104.0969036,
        "bs": null,
        "mode": "lineareval"
    },
    "results": {
        "epochs": 19,
        "epoch.time": 78.2071873307228,
        "epoch.sample_time": 0.0,
        "train.time": 4.708494174480438,
        "val.time": 73.49869315624237,
        "train.sample_time": 0.011771235436201096,
        "val.sample_time": 0.009187336644530296,
        "train.acc": 1.0,
        "train.loss": 9.999,
        "val.acc": 0.974875,
        "val.loss": 9.999
    },
    "train": [
        {
            "epoch": 0,
            "sample": 400,
            "lr": 0.0010000000000000005,
            "loss": 2.020871354983403,
            "acc": 0.675,
            "time": 8.433748006820679,
            "time_start": 1626423535.0197206,
            "time_finish": 1626423543.4534686,
            "time_cost": 8.433748006820679
        },
        {
            "epoch": 1,
            "sample": 400,
            "lr": 0.0010000000000000005,
            "loss": 0.6559223819237489,
            "acc": 0.905,
            "time": 4.487331390380859,
            "time_start": 1626423616.9283235,
            "time_finish": 1626423621.415655,
            "time_cost": 4.487331390380859
        },
        {
            "epoch": 2,
            "sample": 400,
            "lr": 0.0010000000000000005,
            "loss": 0.06094756758270355,
            "acc": 0.995,
            "time": 4.519526958465576,
            "time_start": 1626423695.0251389,
            "time_finish": 1626423699.5446658,
            "time_cost": 4.519526958465576
        },
        {
            "epoch": 3,
            "sample": 400,
            "lr": 0.0010000000000000005,
            "loss": 0.009940936937569998,
            "acc": 1.0,
            "time": 4.48089861869812,
            "time_start": 1626423772.9806318,
            "time_finish": 1626423777.4615304,
            "time_cost": 4.48089861869812
        },
        {
            "epoch": 4,
            "sample": 400,
            "lr": 0.0010000000000000005,
            "loss": 0.024172860582788978,
            "acc": 0.99,
            "time": 4.532315731048584,
            "time_start": 1626423850.9326644,
            "time_finish": 1626423855.4649801,
            "time_cost": 4.532315731048584
        },
        {
            "epoch": 5,
            "sample": 400,
            "lr": 0.0005000000000000002,
            "loss": 0.007611128838526873,
            "acc": 0.995,
            "time": 4.496003866195679,
            "time_start": 1626423929.3258107,
            "time_finish": 1626423933.8218145,
            "time_cost": 4.496003866195679
        },
        {
            "epoch": 6,
            "sample": 400,
            "lr": 0.0005000000000000002,
            "loss": 0.0010815357762532164,
            "acc": 1.0,
            "time": 4.506253480911255,
            "time_start": 1626424007.382559,
            "time_finish": 1626424011.8888125,
            "time_cost": 4.506253480911255
        },
        {
            "epoch": 7,
            "sample": 400,
            "lr": 0.0005000000000000002,
            "loss": 0.015645314493807606,
            "acc": 0.9975,
            "time": 4.533684015274048,
            "time_start": 1626424085.7284627,
            "time_finish": 1626424090.2621467,
            "time_cost": 4.533684015274048
        },
        {
            "epoch": 8,
            "sample": 400,
            "lr": 0.0005000000000000002,
            "loss": 0.0006926797538583812,
            "acc": 1.0,
            "time": 4.6726765632629395,
            "time_start": 1626424164.3697839,
            "time_finish": 1626424169.0424604,
            "time_cost": 4.6726765632629395
        },
        {
            "epoch": 9,
            "sample": 400,
            "lr": 0.0005000000000000002,
            "loss": 0.001030452466623571,
            "acc": 1.0,
            "time": 4.459229469299316,
            "time_start": 1626424244.2398777,
            "time_finish": 1626424248.6991072,
            "time_cost": 4.459229469299316
        },
        {
            "epoch": 10,
            "sample": 400,
            "lr": 0.0002500000000000001,
            "loss": 0.000776325988296706,
            "acc": 1.0,
            "time": 4.51194167137146,
            "time_start": 1626424322.6588845,
            "time_finish": 1626424327.1708262,
            "time_cost": 4.51194167137146
        },
        {
            "epoch": 11,
            "sample": 400,
            "lr": 0.0002500000000000001,
            "loss": 0.0007593493702678153,
            "acc": 1.0,
            "time": 4.465439558029175,
            "time_start": 1626424400.7542713,
            "time_finish": 1626424405.2197108,
            "time_cost": 4.465439558029175
        },
        {
            "epoch": 12,
            "sample": 400,
            "lr": 0.0002500000000000001,
            "loss": 0.0006123416936204124,
            "acc": 1.0,
            "time": 4.514040231704712,
            "time_start": 1626424478.852832,
            "time_finish": 1626424483.3668723,
            "time_cost": 4.514040231704712
        },
        {
            "epoch": 13,
            "sample": 400,
            "lr": 0.0002500000000000001,
            "loss": 0.0004895494835531841,
            "acc": 1.0,
            "time": 4.514033555984497,
            "time_start": 1626424556.9622672,
            "time_finish": 1626424561.4763007,
            "time_cost": 4.514033555984497
        },
        {
            "epoch": 14,
            "sample": 400,
            "lr": 0.0002500000000000001,
            "loss": 0.0009180447344148818,
            "acc": 1.0,
            "time": 4.481974124908447,
            "time_start": 1626424635.1721208,
            "time_finish": 1626424639.654095,
            "time_cost": 4.481974124908447
        },
        {
            "epoch": 15,
            "sample": 400,
            "lr": 0.00012500000000000006,
            "loss": 0.0026396722230576696,
            "acc": 0.9975,
            "time": 4.502091646194458,
            "time_start": 1626424713.2779922,
            "time_finish": 1626424717.780084,
            "time_cost": 4.502091646194458
        },
        {
            "epoch": 16,
            "sample": 400,
            "lr": 0.00012500000000000006,
            "loss": 0.0005249097829129404,
            "acc": 1.0,
            "time": 4.538881301879883,
            "time_start": 1626424791.3591366,
            "time_finish": 1626424795.898018,
            "time_cost": 4.538881301879883
        },
        {
            "epoch": 17,
            "sample": 400,
            "lr": 0.00012500000000000006,
            "loss": 0.00045721132706743304,
            "acc": 1.0,
            "time": 4.496479272842407,
            "time_start": 1626424869.5365553,
            "time_finish": 1626424874.0330346,
            "time_cost": 4.496479272842407
        },
        {
            "epoch": 18,