{
    "info": {
        "device": "cuda",
        "epoch": 20,
        "dataset": "stl10",
        "data_path": "/host/ubuntu/torch",
        "bs": 32,
        "root_path": "/host/ubuntu/torch",
        "arch": "dino_vits16",
        "lr": 0.001,
        "lr_scheduler": "step",
        "lr_step": 5,
        "lr_gamma": 0.5,
        "lr_scale": 0.1,
        "limit_train": 0,
        "limit_test": 0,
        "stats_fp": "./logs/massA/stats_210716_021606.json",
        "lineareval": true,
        "earlystop_epoch": 5,
        "pretrained": true,
        "note": "",
        "opt": "adamw",
        "fc": [
            512,
            128,
            32
        ],
        "image_size": 224
    },
    "telem": {
        "hardware": "1x3090",
        "sample_count_train": 5000,
        "sample_count_val": 8000,
        "completed": false,
        "time_stamp": "210716_021606",
        "time_start": 1626401778.9567728,
        "time_finish": 1626402279.8698015,
        "time_elapsed": 500.913028717041,
        "time_updated": 1626402279.8698103,
        "bs": null,
        "mode": "lineareval"
    },
    "results": {
        "epochs": 19,
        "epoch.time": 24.82846850156784,
        "epoch.sample_time": 0.0,
        "train.time": 9.860533690452575,
        "val.time": 14.967934811115265,
        "train.sample_time": 0.001972106738090515,
        "val.sample_time": 0.0018709918513894082,
        "train.acc": 1.0,
        "train.loss": 9.999,
        "val.acc": 0.986625,
        "val.loss": 9.999
    },
    "train": [
        {
            "epoch": 0,
            "sample": 5000,
            "lr": 0.0010000000000000002,
            "loss": 0.19298968036328354,
            "acc": 0.9548,
            "time": 14.897772789001465,
            "time_start": 1626401778.9567728,
            "time_finish": 1626401793.8545456,
            "time_cost": 14.897772789001465
        },
        {
            "epoch": 1,
            "sample": 5000,
            "lr": 0.0010000000000000002,
            "loss": 0.022188166163733473,
            "acc": 0.9938,
            "time": 9.575008869171143,
            "time_start": 1626401808.9595363,
            "time_finish": 1626401818.5345452,
            "time_cost": 9.575008869171143
        },
        {
            "epoch": 2,
            "sample": 5000,
            "lr": 0.0010000000000000002,
            "loss": 0.020601616244050186,
            "acc": 0.994,
            "time": 9.597021579742432,
            "time_start": 1626401833.6824048,
            "time_finish": 1626401843.2794263,
            "time_cost": 9.597021579742432
        },
        {
            "epoch": 3,
            "sample": 5000,
            "lr": 0.0010000000000000002,
            "loss": 0.010123755812861754,
            "acc": 0.9968,
            "time": 9.555198192596436,
            "time_start": 1626401858.3267543,
            "time_finish": 1626401867.8819525,
            "time_cost": 9.555198192596436
        },
        {
            "epoch": 4,
            "sample": 5000,
            "lr": 0.0010000000000000002,
            "loss": 0.007091161313368572,
            "acc": 0.998,
            "time": 9.770653486251831,
            "time_start": 1626401883.1560607,
            "time_finish": 1626401892.9267142,
            "time_cost": 9.770653486251831
        },
        {
            "epoch": 5,
            "sample": 5000,
            "lr": 0.0005000000000000001,
            "loss": 0.0029739356175164725,
            "acc": 0.999,
            "time": 9.599070072174072,
            "time_start": 1626401908.1277392,
            "time_finish": 1626401917.7268093,
            "time_cost": 9.599070072174072
        },
        {
            "epoch": 6,
            "sample": 5000,
            "lr": 0.0005000000000000001,
            "loss": 0.006283096907447115,
            "acc": 0.9976,
            "time": 9.568361520767212,
            "time_start": 1626401933.0346153,
            "time_finish": 1626401942.6029768,
            "time_cost": 9.568361520767212
        },
        {
            "epoch": 7,
            "sample": 5000,
            "lr": 0.0005000000000000001,
            "loss": 0.0010080770726516137,
            "acc": 1.0,
            "time": 9.610445261001587,
            "time_start": 1626401957.7746944,
            "time_finish": 1626401967.3851397,
            "time_cost": 9.610445261001587
        },
        {
            "epoch": 8,
            "sample": 5000,
            "lr": 0.0005000000000000001,
            "loss": 0.00037076039003892264,
            "acc": 1.0,
            "time": 9.627466917037964,
            "time_start": 1626401982.5599751,
            "time_finish": 1626401992.187442,
            "time_cost": 9.627466917037964
        },
        {
            "epoch": 9,
            "sample": 5000,
            "lr": 0.0005000000000000001,
            "loss": 0.0004401055576128673,
            "acc": 1.0,
            "time": 9.569509506225586,
            "time_start": 1626402007.312371,
            "time_finish": 1626402016.8818805,
            "time_cost": 9.569509506225586
        },
        {
            "epoch": 10,
            "sample": 5000,
            "lr": 0.00025000000000000006,
            "loss": 0.0003102906868979268,
            "acc": 1.0,
            "time": 9.623261451721191,
            "time_start": 1626402032.0118713,
            "time_finish": 1626402041.6351328,
            "time_cost": 9.623261451721191
        },
        {
            "epoch": 11,
            "sample": 5000,
            "lr": 0.00025000000000000006,
            "loss": 0.00013938702395853688,
            "acc": 1.0,
            "time": 9.611103057861328,
            "time_start": 1626402056.7664046,
            "time_finish": 1626402066.3775077,
            "time_cost": 9.611103057861328
        },
        {
            "epoch": 12,
            "sample": 5000,
            "lr": 0.00025000000000000006,
            "loss": 0.0009956956339775265,
            "acc": 0.9998,
            "time": 9.64361834526062,
            "time_start": 1626402081.6738765,
            "time_finish": 1626402091.3174949,
            "time_cost": 9.64361834526062
        },
        {
            "epoch": 13,
            "sample": 5000,
            "lr": 0.00025000000000000006,
            "loss": 0.00012135830641985015,
            "acc": 1.0,
            "time": 9.575236320495605,
            "time_start": 1626402106.616048,
            "time_finish": 1626402116.1912844,
            "time_cost": 9.575236320495605
        },
        {
            "epoch": 14,
            "sample": 5000,
            "lr": 0.00025000000000000006,
            "loss": 0.00012043045032925736,
            "acc": 1.0,
            "time": 9.571067094802856,
            "time_start": 1626402131.4025555,
            "time_finish": 1626402140.9736226,
            "time_cost": 9.571067094802856
        },
        {
            "epoch": 15,
            "sample": 5000,
            "lr": 0.00012500000000000003,
            "loss": 9.686360445851273e-05,
            "acc": 1.0,
            "time": 9.581263780593872,
            "time_start": 1626402156.1640344,
            "time_finish": 1626402165.7452981,
            "time_cost": 9.581263780593872
        },
        {
            "epoch": 16,
            "sample": 5000,
            "lr": 0.00012500000000000003,
            "loss": 9.957289328314314e-05,
            "acc": 1.0,
            "time": 9.59479570388794,
            "time_start": 1626402180.899397,
            "time_finish": 1626402190.4941926,
            "time_cost": 9.59479570388794
        },
        {
            "epoch": 17,
            "sample": 5000,
            "lr": 0.00012500000000000003,
            "loss": 8.52443707453699e-05,
            "acc": 1.0,
            "time": 9.54516863822937,
            "time_start": 1626402205.6250067,
            "time_finish": 1626402215.1701753,