{
    "info": {
        "device": "cuda",
        "epoch": 20,
        "dataset": "stl10",
        "data_path": "/host/ubuntu/torch",
        "bs": 32,
        "root_path": "/host/ubuntu/torch",
        "arch": "swin_large_patch4_window12_384_22k",
        "lr": 0.001,
        "lr_scheduler": "step",
        "lr_step": 5,
        "lr_gamma": 0.5,
        "lr_scale": 0.1,
        "limit_train": 400,
        "limit_test": 0,
        "stats_fp": "./logs/massA/stats_210716_090100.json",
        "lineareval": true,
        "earlystop_epoch": 5,
        "pretrained": true,
        "note": "",
        "opt": "adamw",
        "fc": [
            512,
            128,
            32
        ],
        "image_size": 384
    },
    "telem": {
        "hardware": "1x3090",
        "sample_count_train": 400,
        "sample_count_val": 8000,
        "completed": false,
        "time_stamp": "210716_090100",
        "time_start": 1626426076.588619,
        "time_finish": 1626428606.5795968,
        "time_elapsed": 2529.9909777641296,
        "time_updated": 1626428606.5796041,
        "bs": null,
        "mode": "lineareval"
    },
    "results": {
        "epochs": 19,
        "epoch.time": 126.2548520565033,
        "epoch.sample_time": 0.0,
        "train.time": 6.977907741069794,
        "val.time": 119.2769443154335,
        "train.sample_time": 0.017444769352674486,
        "val.sample_time": 0.014909618039429187,
        "train.acc": 1.0,
        "train.loss": 9.999,
        "val.acc": 0.99575,
        "val.loss": 9.999
    },
    "train": [
        {
            "epoch": 0,
            "sample": 400,
            "lr": 0.0010000000000000005,
            "loss": 1.8167389722970815,
            "acc": 0.5375,
            "time": 10.650084733963013,
            "time_start": 1626426076.588619,
            "time_finish": 1626426087.2387037,
            "time_cost": 10.650084733963013
        },
        {
            "epoch": 1,
            "sample": 400,
            "lr": 0.0010000000000000005,
            "loss": 0.23424587943232977,
            "acc": 1.0,
            "time": 6.7567994594573975,
            "time_start": 1626426206.5360715,
            "time_finish": 1626426213.292871,
            "time_cost": 6.7567994594573975
        },
        {
            "epoch": 2,
            "sample": 400,
            "lr": 0.0010000000000000005,
            "loss": 0.004787653966699368,
            "acc": 1.0,
            "time": 6.766552925109863,
            "time_start": 1626426332.790566,
            "time_finish": 1626426339.557119,
            "time_cost": 6.766552925109863
        },
        {
            "epoch": 3,
            "sample": 400,
            "lr": 0.0010000000000000005,
            "loss": 0.0006555579871369096,
            "acc": 1.0,
            "time": 6.80683445930481,
            "time_start": 1626426459.3200908,
            "time_finish": 1626426466.1269252,
            "time_cost": 6.80683445930481
        },
        {
            "epoch": 4,
            "sample": 400,
            "lr": 0.0010000000000000005,
            "loss": 0.0015734547565583712,
            "acc": 1.0,
            "time": 6.7579123973846436,
            "time_start": 1626426585.653058,
            "time_finish": 1626426592.4109704,
            "time_cost": 6.7579123973846436
        },
        {
            "epoch": 5,
            "sample": 400,
            "lr": 0.0005000000000000002,
            "loss": 0.000613264926449539,
            "acc": 1.0,
            "time": 6.7671332359313965,
            "time_start": 1626426711.796194,
            "time_finish": 1626426718.5633273,
            "time_cost": 6.7671332359313965
        },
        {
            "epoch": 6,
            "sample": 400,
            "lr": 0.0005000000000000002,
            "loss": 0.00021932273529483398,
            "acc": 1.0,
            "time": 6.770048379898071,
            "time_start": 1626426837.892794,
            "time_finish": 1626426844.6628423,
            "time_cost": 6.770048379898071
        },
        {
            "epoch": 7,
            "sample": 400,
            "lr": 0.0005000000000000002,
            "loss": 0.00020329326714720362,
            "acc": 1.0,
            "time": 6.805179834365845,
            "time_start": 1626426964.222641,
            "time_finish": 1626426971.0278208,
            "time_cost": 6.805179834365845
        },
        {
            "epoch": 8,
            "sample": 400,
            "lr": 0.0005000000000000002,
            "loss": 0.00036851985183042975,
            "acc": 1.0,
            "time": 6.850239038467407,
            "time_start": 1626427090.463521,
            "time_finish": 1626427097.31376,
            "time_cost": 6.850239038467407
        },
        {
            "epoch": 9,
            "sample": 400,
            "lr": 0.0005000000000000002,
            "loss": 0.00012988690258890318,
            "acc": 1.0,
            "time": 6.766468286514282,
            "time_start": 1626427216.9364102,
            "time_finish": 1626427223.7028785,
            "time_cost": 6.766468286514282
        },
        {
            "epoch": 10,
            "sample": 400,
            "lr": 0.0002500000000000001,
            "loss": 7.920143938323375e-05,
            "acc": 1.0,
            "time": 6.779835939407349,
            "time_start": 1626427343.094104,
            "time_finish": 1626427349.87394,
            "time_cost": 6.779835939407349
        },
        {
            "epoch": 11,
            "sample": 400,
            "lr": 0.0002500000000000001,
            "loss": 0.00012172600215238232,
            "acc": 1.0,
            "time": 6.865271806716919,
            "time_start": 1626427469.6488075,
            "time_finish": 1626427476.5140793,
            "time_cost": 6.865271806716919
        },
        {
            "epoch": 12,
            "sample": 400,
            "lr": 0.0002500000000000001,
            "loss": 0.00012011692048802685,
            "acc": 1.0,
            "time": 6.757593154907227,
            "time_start": 1626427596.0350835,
            "time_finish": 1626427602.7926767,
            "time_cost": 6.757593154907227
        },
        {
            "epoch": 13,
            "sample": 400,
            "lr": 0.0002500000000000001,
            "loss": 7.628552311171706e-05,
            "acc": 1.0,
            "time": 6.7464210987091064,
            "time_start": 1626427722.2004113,
            "time_finish": 1626427728.9468324,
            "time_cost": 6.7464210987091064
        },
        {
            "epoch": 14,
            "sample": 400,
            "lr": 0.0002500000000000001,
            "loss": 7.550366444775136e-05,
            "acc": 1.0,
            "time": 6.767573833465576,
            "time_start": 1626427848.434961,
            "time_finish": 1626427855.202535,
            "time_cost": 6.767573833465576
        },
        {
            "epoch": 15,
            "sample": 400,
            "lr": 0.00012500000000000006,
            "loss": 0.00018212933621096174,
            "acc": 1.0,
            "time": 6.798768520355225,
            "time_start": 1626427974.6707375,
            "time_finish": 1626427981.469506,
            "time_cost": 6.798768520355225
        },
        {
            "epoch": 16,
            "sample": 400,
            "lr": 0.00012500000000000006,
            "loss": 0.0001231557808541066,
            "acc": 1.0,
            "time": 6.773226022720337,
            "time_start": 1626428101.0062056,
            "time_finish": 1626428107.7794316,
            "time_cost": 6.773226022720337
        },
        {
            "epoch": 17,
            "sample": 400,
            "lr": 0.00012500000000000006,
            "loss": 7.809697868092022e-05,
            "acc": 1.0,
            "time": 6.7583513259887695,
            "time_start": 1626428227.3118503,
            "time_finish": 1626428234.0702016,
            "time_cost": 6.7583513259887695
        },
        {
            "epoch": 18,