{
    "info": {
        "device": "cuda",
        "epoch": 20,
        "dataset": "stl10",
        "data_path": "/host/ubuntu/torch",
        "bs": 32,
        "root_path": "/host/ubuntu/torch",
        "arch": "dino_vitb8",
        "lr": 0.001,
        "lr_scheduler": "step",
        "lr_step": 5,
        "lr_gamma": 0.5,
        "lr_scale": 0.1,
        "limit_train": 400,
        "limit_test": 0,
        "stats_fp": "./logs/massA/stats_210716_094653.json",
        "lineareval": true,
        "earlystop_epoch": 5,
        "pretrained": true,
        "note": "",
        "opt": "adamw",
        "fc": [
            512,
            128,
            32
        ],
        "image_size": 224
    },
    "telem": {
        "hardware": "1x3090",
        "sample_count_train": 400,
        "sample_count_val": 8000,
        "completed": false,
        "time_stamp": "210716_094653",
        "time_start": 1626428828.065323,
        "time_finish": 1626429811.9457946,
        "time_elapsed": 983.8804714679718,
        "time_updated": 1626429811.9458005,
        "bs": null,
        "mode": "lineareval"
    },
    "results": {
        "epochs": 11,
        "epoch.time": 81.74069579442342,
        "epoch.sample_time": 0.0,
        "train.time": 4.909990608692169,
        "val.time": 76.83070518573125,
        "train.sample_time": 0.012274976521730423,
        "val.sample_time": 0.009603838148216406,
        "train.acc": 1.0,
        "train.loss": 9.999,
        "val.acc": 0.981875,
        "val.loss": 9.999
    },
    "train": [
        {
            "epoch": 0,
            "sample": 400,
            "lr": 0.0010000000000000005,
            "loss": 1.2935337034555583,
            "acc": 0.725,
            "time": 8.369661092758179,
            "time_start": 1626428828.065323,
            "time_finish": 1626428836.4349842,
            "time_cost": 8.369661092758179
        },
        {
            "epoch": 1,
            "sample": 400,
            "lr": 0.0010000000000000005,
            "loss": 0.07662748116910315,
            "acc": 0.9875,
            "time": 4.63625955581665,
            "time_start": 1626428913.343126,
            "time_finish": 1626428917.9793856,
            "time_cost": 4.63625955581665
        },
        {
            "epoch": 2,
            "sample": 400,
            "lr": 0.0010000000000000005,
            "loss": 0.022806141142679665,
            "acc": 0.995,
            "time": 4.622254371643066,
            "time_start": 1626428995.185666,
            "time_finish": 1626428999.8079205,
            "time_cost": 4.622254371643066
        },
        {
            "epoch": 3,
            "sample": 400,
            "lr": 0.0010000000000000005,
            "loss": 0.007096670930667852,
            "acc": 0.995,
            "time": 4.573342561721802,
            "time_start": 1626429077.0479035,
            "time_finish": 1626429081.621246,
            "time_cost": 4.573342561721802
        },
        {
            "epoch": 4,
            "sample": 400,
            "lr": 0.0010000000000000005,
            "loss": 0.0020784411253071786,
            "acc": 1.0,
            "time": 4.5741212368011475,
            "time_start": 1626429158.730352,
            "time_finish": 1626429163.3044732,
            "time_cost": 4.5741212368011475
        },
        {
            "epoch": 5,
            "sample": 400,
            "lr": 0.0005000000000000002,
            "loss": 0.0003838959047033523,
            "acc": 1.0,
            "time": 4.5998945236206055,
            "time_start": 1626429240.4119096,
            "time_finish": 1626429245.011804,
            "time_cost": 4.5998945236206055
        },
        {
            "epoch": 6,
            "sample": 400,
            "lr": 0.0005000000000000002,
            "loss": 0.00045225314673958707,
            "acc": 1.0,
            "time": 4.600998878479004,
            "time_start": 1626429322.1022632,
            "time_finish": 1626429326.703262,
            "time_cost": 4.600998878479004
        },
        {
            "epoch": 7,
            "sample": 400,
            "lr": 0.0005000000000000002,
            "loss": 0.0002506807370362087,
            "acc": 1.0,
            "time": 4.5778656005859375,
            "time_start": 1626429403.8012047,
            "time_finish": 1626429408.3790703,
            "time_cost": 4.5778656005859375
        },
        {
            "epoch": 8,
            "sample": 400,
            "lr": 0.0005000000000000002,
            "loss": 0.00020362470184828943,
            "acc": 1.0,
            "time": 4.643176555633545,
            "time_start": 1626429485.4900365,
            "time_finish": 1626429490.133213,
            "time_cost": 4.643176555633545
        },
        {
            "epoch": 9,
            "sample": 400,
            "lr": 0.0005000000000000002,
            "loss": 0.0001779480346438224,
            "acc": 1.0,
            "time": 4.547579765319824,
            "time_start": 1626429567.080998,
            "time_finish": 1626429571.6285777,
            "time_cost": 4.547579765319824
        },
        {
            "epoch": 10,
            "sample": 400,
            "lr": 0.0002500000000000001,
            "loss": 0.00020770869377884082,
            "acc": 1.0,
            "time": 4.5813353061676025,
            "time_start": 1626429648.6598756,
            "time_finish": 1626429653.241211,
            "time_cost": 4.5813353061676025
        },
        {
            "epoch": 11,
            "sample": 400,
            "lr": 0.0002500000000000001,
            "loss": 0.00019016250679179883,
            "acc": 1.0,
            "time": 4.593397855758667,
            "time_start": 1626429730.297476,
            "time_finish": 1626429734.890874,
            "time_cost": 4.593397855758667
        }
    ],
    "val": [
        {
            "epoch": 0,
            "sample": 8000,
            "lr": 0.0,
            "loss": 0.24305132946372032,
            "acc": 0.9805,
            "time": 76.68325161933899,
            "time_start": 1626428836.5253017,
            "time_finish": 1626428913.2085533,
            "time_cost": 76.68325161933899
        },
        {
            "epoch": 1,
            "sample": 8000,
            "lr": 0.0,
            "loss": 0.05660630767513067,
            "acc": 0.981875,
            "time": 76.93884348869324,
            "time_start": 1626428918.1120794,
            "time_finish": 1626428995.0509229,
            "time_cost": 76.93884348869324
        },
        {
            "epoch": 2,
            "sample": 8000,
            "lr": 0.0,
            "loss": 0.07064001159532927,
            "acc": 0.979125,
            "time": 76.98903822898865,
            "time_start": 1626428999.9325607,
            "time_finish": 1626429076.921599,
            "time_cost": 76.98903822898865
        },
        {
            "epoch": 3,
            "sample": 8000,
            "lr": 0.0,
            "loss": 0.1079823966526892,
            "acc": 0.97375,
            "time": 76.85536241531372,
            "time_start": 1626429081.7434196,
            "time_finish": 1626429158.598782,
            "time_cost": 76.85536241531372
        },
        {
            "epoch": 4,
            "sample": 8000,
            "lr": 0.0,
            "loss": 0.09419018053484615,
            "acc": 0.97875,
            "time": 76.85837030410767,
            "time_start": 1626429163.4360716,
            "time_finish": 1626429240.294442,
            "time_cost": 76.85837030410767
        },
        {
            "epoch": 5,
            "sample": 8000,
            "lr": 0.0,
            "loss": 0.08882996730919694,
            "acc": 0.979875,
            "time": 76.8359489440918,
            "time_start": 1626429245.1403756,
            "time_finish": 1626429321.9763246,
            "time_cost": 76.8359489440918
        },
        {
            "epoch": 6,
            "sample": 8000,
            "lr": 0.0,
            "loss": 0.08612399412272498,