{
    "info": {
        "device": "cuda",
        "epoch": 20,
        "dataset": "stl10",
        "data_path": "/host/ubuntu/torch",
        "bs": 32,
        "root_path": "/host/ubuntu/torch",
        "arch": "dino_vitb8",
        "lr": 0.001,
        "lr_scheduler": "step",
        "lr_step": 5,
        "lr_gamma": 0.5,
        "lr_scale": 0.1,
        "limit_train": 100,
        "limit_test": 0,
        "stats_fp": "./logs/massA/stats_210716_150723.json",
        "lineareval": true,
        "earlystop_epoch": 5,
        "pretrained": true,
        "note": "",
        "opt": "adamw",
        "fc": [
            512,
            128,
            32
        ],
        "image_size": 224
    },
    "telem": {
        "hardware": "1x3090",
        "sample_count_train": 100,
        "sample_count_val": 8000,
        "completed": false,
        "time_stamp": "210716_150723",
        "time_start": 1626448057.3610249,
        "time_finish": 1626449158.9644966,
        "time_elapsed": 1101.6034717559814,
        "time_updated": 1626449158.9645078,
        "bs": null,
        "mode": "lineareval"
    },
    "results": {
        "epochs": 13,
        "epoch.time": 78.4750050817217,
        "epoch.sample_time": 0.0,
        "train.time": 1.9267165149961198,
        "val.time": 76.54828856672559,
        "train.sample_time": 0.0192671651499612,
        "val.sample_time": 0.009568536070840699,
        "train.acc": 1.0,
        "train.loss": 9.999,
        "val.acc": 0.967375,
        "val.loss": 9.999
    },
    "train": [
        {
            "epoch": 0,
            "sample": 100,
            "lr": 0.001,
            "loss": 2.125613033771515,
            "acc": 0.52,
            "time": 5.331930637359619,
            "time_start": 1626448057.3610249,
            "time_finish": 1626448062.6929555,
            "time_cost": 5.331930637359619
        },
        {
            "epoch": 1,
            "sample": 100,
            "lr": 0.001,
            "loss": 1.1059146970510483,
            "acc": 0.96,
            "time": 1.6350314617156982,
            "time_start": 1626448139.257694,
            "time_finish": 1626448140.8927255,
            "time_cost": 1.6350314617156982
        },
        {
            "epoch": 2,
            "sample": 100,
            "lr": 0.001,
            "loss": 0.28653115779161453,
            "acc": 0.97,
            "time": 1.6443061828613281,
            "time_start": 1626448217.508821,
            "time_finish": 1626448219.1531272,
            "time_cost": 1.6443061828613281
        },
        {
            "epoch": 3,
            "sample": 100,
            "lr": 0.001,
            "loss": 0.052472228184342384,
            "acc": 1.0,
            "time": 1.64487624168396,
            "time_start": 1626448296.215331,
            "time_finish": 1626448297.8602073,
            "time_cost": 1.64487624168396
        },
        {
            "epoch": 4,
            "sample": 100,
            "lr": 0.001,
            "loss": 0.009515333571471274,
            "acc": 1.0,
            "time": 1.660130262374878,
            "time_start": 1626448374.5302463,
            "time_finish": 1626448376.1903765,
            "time_cost": 1.660130262374878
        },
        {
            "epoch": 5,
            "sample": 100,
            "lr": 0.0005,
            "loss": 0.00451799773145467,
            "acc": 1.0,
            "time": 1.6410737037658691,
            "time_start": 1626448453.211925,
            "time_finish": 1626448454.8529987,
            "time_cost": 1.6410737037658691
        },
        {
            "epoch": 6,
            "sample": 100,
            "lr": 0.0005,
            "loss": 0.0017161416180897504,
            "acc": 1.0,
            "time": 1.672792911529541,
            "time_start": 1626448531.459923,
            "time_finish": 1626448533.132716,
            "time_cost": 1.672792911529541
        },
        {
            "epoch": 7,
            "sample": 100,
            "lr": 0.0005,
            "loss": 0.000932786086195847,
            "acc": 1.0,
            "time": 1.6317112445831299,
            "time_start": 1626448610.1347764,
            "time_finish": 1626448611.7664876,
            "time_cost": 1.6317112445831299
        },
        {
            "epoch": 8,
            "sample": 100,
            "lr": 0.0005,
            "loss": 0.0006418720149667934,
            "acc": 1.0,
            "time": 1.6607716083526611,
            "time_start": 1626448688.4014275,
            "time_finish": 1626448690.062199,
            "time_cost": 1.6607716083526611
        },
        {
            "epoch": 9,
            "sample": 100,
            "lr": 0.0005,
            "loss": 0.00034168012643931434,
            "acc": 1.0,
            "time": 1.645533561706543,
            "time_start": 1626448767.1781285,
            "time_finish": 1626448768.823662,
            "time_cost": 1.645533561706543
        },
        {
            "epoch": 10,
            "sample": 100,
            "lr": 0.00025,
            "loss": 0.00028481040499173105,
            "acc": 1.0,
            "time": 1.7150096893310547,
            "time_start": 1626448845.431875,
            "time_finish": 1626448847.1468847,
            "time_cost": 1.7150096893310547
        },
        {
            "epoch": 11,
            "sample": 100,
            "lr": 0.00025,
            "loss": 0.00022818479556008242,
            "acc": 1.0,
            "time": 1.7405238151550293,
            "time_start": 1626448923.9590557,
            "time_finish": 1626448925.6995795,
            "time_cost": 1.7405238151550293
        },
        {
            "epoch": 12,
            "sample": 100,
            "lr": 0.00025,
            "loss": 0.00022221637300390285,
            "acc": 1.0,
            "time": 1.673490047454834,
            "time_start": 1626449002.3550696,
            "time_finish": 1626449004.0285597,
            "time_cost": 1.673490047454834
        },
        {
            "epoch": 13,
            "sample": 100,
            "lr": 0.00025,
            "loss": 0.0002352546107431408,
            "acc": 1.0,
            "time": 1.6768498420715332,
            "time_start": 1626449080.6549406,
            "time_finish": 1626449082.3317904,
            "time_cost": 1.6768498420715332
        }
    ],
    "val": [
        {
            "epoch": 0,
            "sample": 8000,
            "lr": 0.0,
            "loss": 1.7633389291763306,
            "acc": 0.814875,
            "time": 76.37792086601257,
            "time_start": 1626448062.7669578,
            "time_finish": 1626448139.1448786,
            "time_cost": 76.37792086601257
        },
        {
            "epoch": 1,
            "sample": 8000,
            "lr": 0.0,
            "loss": 0.8783356235027313,
            "acc": 0.8405,
            "time": 76.41407322883606,
            "time_start": 1626448140.9920735,
            "time_finish": 1626448217.4061468,
            "time_cost": 76.41407322883606
        },
        {
            "epoch": 2,
            "sample": 8000,
            "lr": 0.0,
            "loss": 0.3285647287964821,
            "acc": 0.934,
            "time": 76.84895515441895,
            "time_start": 1626448219.249867,
            "time_finish": 1626448296.098822,
            "time_cost": 76.84895515441895
        },
        {
            "epoch": 3,
            "sample": 8000,
            "lr": 0.0,
            "loss": 0.17216964389383793,
            "acc": 0.967375,
            "time": 76.44343423843384,
            "time_start": 1626448297.9653263,
            "time_finish": 1626448374.4087605,
            "time_cost": 76.44343423843384
        },
        {
            "epoch": 4,
            "sample": 8000,
            "lr": 0.0,
            "loss": 0.15008270002156496,
            "acc": 0.9625,
            "time": 76.78869199752808,
            "time_start": 1626448376.293151,
            "time_finish": 1626448453.081843,