{
    "info": {
        "device": "cuda",
        "epoch": 20,
        "dataset": "stl10",
        "data_path": "/host/ubuntu/torch",
        "bs": 32,
        "root_path": "/host/ubuntu/torch",
        "arch": "resnext50_32x4d",
        "lr": 0.001,
        "lr_scheduler": "step",
        "lr_step": 5,
        "lr_gamma": 0.5,
        "lr_scale": 0.1,
        "limit_train": 200,
        "limit_test": 0,
        "stats_fp": "./logs/massA/stats_210716_124951.json",
        "lineareval": true,
        "earlystop_epoch": 5,
        "pretrained": true,
        "note": "",
        "opt": "adamw",
        "fc": [
            512,
            128,
            32
        ],
        "image_size": 224
    },
    "telem": {
        "hardware": "1x3090",
        "sample_count_train": 200,
        "sample_count_val": 8000,
        "completed": false,
        "time_stamp": "210716_124951",
        "time_start": 1626439807.3471634,
        "time_finish": 1626440081.9148626,
        "time_elapsed": 274.56769919395447,
        "time_updated": 1626440081.9148676,
        "bs": null,
        "mode": "lineareval"
    },
    "results": {
        "epochs": 19,
        "epoch.time": 13.49481086730957,
        "epoch.sample_time": 0.0,
        "train.time": 1.0921497106552125,
        "val.time": 12.402661156654357,
        "train.sample_time": 0.005460748553276063,
        "val.sample_time": 0.0015503326445817946,
        "train.acc": 1.0,
        "train.loss": 9.999,
        "val.acc": 0.932875,
        "val.loss": 9.999
    },
    "train": [
        {
            "epoch": 0,
            "sample": 200,
            "lr": 0.001,
            "loss": 2.110941086496626,
            "acc": 0.3,
            "time": 1.0062236785888672,
            "time_start": 1626439807.3471634,
            "time_finish": 1626439808.353387,
            "time_cost": 1.0062236785888672
        },
        {
            "epoch": 1,
            "sample": 200,
            "lr": 0.001,
            "loss": 1.331624950681414,
            "acc": 0.67,
            "time": 0.9721782207489014,
            "time_start": 1626439820.786432,
            "time_finish": 1626439821.7586102,
            "time_cost": 0.9721782207489014
        },
        {
            "epoch": 2,
            "sample": 200,
            "lr": 0.001,
            "loss": 0.7328044303825924,
            "acc": 0.83,
            "time": 1.1359853744506836,
            "time_start": 1626439834.3952415,
            "time_finish": 1626439835.5312269,
            "time_cost": 1.1359853744506836
        },
        {
            "epoch": 3,
            "sample": 200,
            "lr": 0.001,
            "loss": 0.6717645355633327,
            "acc": 0.755,
            "time": 1.0905230045318604,
            "time_start": 1626439848.4508018,
            "time_finish": 1626439849.5413249,
            "time_cost": 1.0905230045318604
        },
        {
            "epoch": 4,
            "sample": 200,
            "lr": 0.001,
            "loss": 0.6275606283119747,
            "acc": 0.785,
            "time": 1.0765888690948486,
            "time_start": 1626439862.4711204,
            "time_finish": 1626439863.5477092,
            "time_cost": 1.0765888690948486
        },
        {
            "epoch": 5,
            "sample": 200,
            "lr": 0.0005,
            "loss": 0.31677681846278055,
            "acc": 0.955,
            "time": 1.2033631801605225,
            "time_start": 1626439876.4099624,
            "time_finish": 1626439877.6133256,
            "time_cost": 1.2033631801605225
        },
        {
            "epoch": 6,
            "sample": 200,
            "lr": 0.0005,
            "loss": 0.1670776978135109,
            "acc": 0.97,
            "time": 1.1315033435821533,
            "time_start": 1626439890.7930453,
            "time_finish": 1626439891.9245486,
            "time_cost": 1.1315033435821533
        },
        {
            "epoch": 7,
            "sample": 200,
            "lr": 0.0005,
            "loss": 0.23035845373358046,
            "acc": 0.945,
            "time": 1.1988706588745117,
            "time_start": 1626439904.9032078,
            "time_finish": 1626439906.1020784,
            "time_cost": 1.1988706588745117
        },
        {
            "epoch": 8,
            "sample": 200,
            "lr": 0.0005,
            "loss": 0.2793434592229979,
            "acc": 0.915,
            "time": 1.191141128540039,
            "time_start": 1626439918.684917,
            "time_finish": 1626439919.876058,
            "time_cost": 1.191141128540039
        },
        {
            "epoch": 9,
            "sample": 200,
            "lr": 0.0005,
            "loss": 0.11193977456007685,
            "acc": 0.975,
            "time": 1.1346735954284668,
            "time_start": 1626439932.3743885,
            "time_finish": 1626439933.509062,
            "time_cost": 1.1346735954284668
        },
        {
            "epoch": 10,
            "sample": 200,
            "lr": 0.00025,
            "loss": 0.20043041237762996,
            "acc": 0.965,
            "time": 0.98150634765625,
            "time_start": 1626439945.8058386,
            "time_finish": 1626439946.787345,
            "time_cost": 0.98150634765625
        },
        {
            "epoch": 11,
            "sample": 200,
            "lr": 0.00025,
            "loss": 0.08456777887684959,
            "acc": 0.99,
            "time": 1.0650603771209717,
            "time_start": 1626439959.251122,
            "time_finish": 1626439960.3161824,
            "time_cost": 1.0650603771209717
        },
        {
            "epoch": 12,
            "sample": 200,
            "lr": 0.00025,
            "loss": 0.08232934879405159,
            "acc": 0.985,
            "time": 0.996476411819458,
            "time_start": 1626439972.6975229,
            "time_finish": 1626439973.6939993,
            "time_cost": 0.996476411819458
        },
        {
            "epoch": 13,
            "sample": 200,
            "lr": 0.00025,
            "loss": 0.08543882944754191,
            "acc": 0.985,
            "time": 1.0258748531341553,
            "time_start": 1626439986.258462,
            "time_finish": 1626439987.2843368,
            "time_cost": 1.0258748531341553
        },
        {
            "epoch": 14,
            "sample": 200,
            "lr": 0.00025,
            "loss": 0.06815052937184062,
            "acc": 0.99,
            "time": 1.1991183757781982,
            "time_start": 1626439999.7158792,
            "time_finish": 1626440000.9149976,
            "time_cost": 1.1991183757781982
        },
        {
            "epoch": 15,
            "sample": 200,
            "lr": 0.000125,
            "loss": 0.06217154434749058,
            "acc": 0.995,
            "time": 1.1515491008758545,
            "time_start": 1626440014.0856895,
            "time_finish": 1626440015.2372386,
            "time_cost": 1.1515491008758545
        },
        {
            "epoch": 16,
            "sample": 200,
            "lr": 0.000125,
            "loss": 0.06031514597790582,
            "acc": 0.99,
            "time": 1.0356566905975342,
            "time_start": 1626440027.7073147,
            "time_finish": 1626440028.7429714,
            "time_cost": 1.0356566905975342
        },
        {
            "epoch": 17,
            "sample": 200,
            "lr": 0.000125,
            "loss": 0.07889243135494846,
            "acc": 0.98,
            "time": 1.0775632858276367,
            "time_start": 1626440041.1351666,
            "time_finish": 1626440042.21273,
            "time_cost": 1.0775632858276367
        },
        {
            "epoch": 18,
            "sample": 200,
            "lr": 0.000125,
            "loss": 0.04774105602077076,
            "acc": 0.995,
            "time": 1.1821026802062988,
            "time_start": 1626440054.8715463,
            "time_finish": 1626440056.053649,