{
    "info": {
        "device": "cuda",
        "epoch": 20,
        "dataset": "stl10",
        "data_path": "/host/ubuntu/torch",
        "bs": 32,
        "root_path": "/host/ubuntu/torch",
        "arch": "wide_resnet50_2",
        "lr": 0.001,
        "lr_scheduler": "step",
        "lr_step": 5,
        "lr_gamma": 0.5,
        "lr_scale": 0.1,
        "limit_train": 0,
        "limit_test": 0,
        "stats_fp": "./logs/massA/stats_210716_041835.json",
        "lineareval": true,
        "earlystop_epoch": 5,
        "pretrained": true,
        "note": "",
        "opt": "adamw",
        "fc": [
            512,
            128,
            32
        ],
        "image_size": 224
    },
    "telem": {
        "hardware": "1x3090",
        "sample_count_train": 5000,
        "sample_count_val": 8000,
        "completed": false,
        "time_stamp": "210716_041835",
        "time_start": 1626409134.51618,
        "time_finish": 1626409922.9147534,
        "time_elapsed": 788.3985733985901,
        "time_updated": 1626409922.9147658,
        "bs": null,
        "mode": "lineareval"
    },
    "results": {
        "epochs": 19,
        "epoch.time": 39.20135324001312,
        "epoch.sample_time": 0.0,
        "train.time": 15.206190872192384,
        "val.time": 23.99516236782074,
        "train.sample_time": 0.0030412381744384766,
        "val.sample_time": 0.0029993952959775924,
        "train.acc": 0.98,
        "train.loss": 9.999,
        "val.acc": 0.956,
        "val.loss": 9.999
    },
    "train": [
        {
            "epoch": 0,
            "sample": 5000,
            "lr": 0.0010000000000000002,
            "loss": 0.5491174271294645,
            "acc": 0.828,
            "time": 15.393323421478271,
            "time_start": 1626409134.51618,
            "time_finish": 1626409149.9095035,
            "time_cost": 15.393323421478271
        },
        {
            "epoch": 1,
            "sample": 5000,
            "lr": 0.0010000000000000002,
            "loss": 0.25841572597195767,
            "acc": 0.9212,
            "time": 15.360932350158691,
            "time_start": 1626409174.3736584,
            "time_finish": 1626409189.7345908,
            "time_cost": 15.360932350158691
        },
        {
            "epoch": 2,
            "sample": 5000,
            "lr": 0.0010000000000000002,
            "loss": 0.20401330359849582,
            "acc": 0.9338,
            "time": 15.347460269927979,
            "time_start": 1626409214.127063,
            "time_finish": 1626409229.4745233,
            "time_cost": 15.347460269927979
        },
        {
            "epoch": 3,
            "sample": 5000,
            "lr": 0.0010000000000000002,
            "loss": 0.18419126242660222,
            "acc": 0.9416,
            "time": 15.341667175292969,
            "time_start": 1626409253.8856785,
            "time_finish": 1626409269.2273457,
            "time_cost": 15.341667175292969
        },
        {
            "epoch": 4,
            "sample": 5000,
            "lr": 0.0010000000000000002,
            "loss": 0.20093688170075608,
            "acc": 0.9374,
            "time": 15.284945726394653,
            "time_start": 1626409293.5920737,
            "time_finish": 1626409308.8770194,
            "time_cost": 15.284945726394653
        },
        {
            "epoch": 5,
            "sample": 5000,
            "lr": 0.0005000000000000001,
            "loss": 0.13165994080459806,
            "acc": 0.956,
            "time": 15.320892333984375,
            "time_start": 1626409333.086028,
            "time_finish": 1626409348.4069204,
            "time_cost": 15.320892333984375
        },
        {
            "epoch": 6,
            "sample": 5000,
            "lr": 0.0005000000000000001,
            "loss": 0.139502056104659,
            "acc": 0.955,
            "time": 15.327081203460693,
            "time_start": 1626409372.7886324,
            "time_finish": 1626409388.1157136,
            "time_cost": 15.327081203460693
        },
        {
            "epoch": 7,
            "sample": 5000,
            "lr": 0.0005000000000000001,
            "loss": 0.10778351503003175,
            "acc": 0.9662,
            "time": 15.314931154251099,
            "time_start": 1626409412.4682863,
            "time_finish": 1626409427.7832174,
            "time_cost": 15.314931154251099
        },
        {
            "epoch": 8,
            "sample": 5000,
            "lr": 0.0005000000000000001,
            "loss": 0.11218652649112283,
            "acc": 0.9652,
            "time": 15.341154098510742,
            "time_start": 1626409452.1512156,
            "time_finish": 1626409467.4923697,
            "time_cost": 15.341154098510742
        },
        {
            "epoch": 9,
            "sample": 5000,
            "lr": 0.0005000000000000001,
            "loss": 0.12484247345702758,
            "acc": 0.9598,
            "time": 15.3045334815979,
            "time_start": 1626409491.8880842,
            "time_finish": 1626409507.1926177,
            "time_cost": 15.3045334815979
        },
        {
            "epoch": 10,
            "sample": 5000,
            "lr": 0.00025000000000000006,
            "loss": 0.09917769378798592,
            "acc": 0.9664,
            "time": 15.37673830986023,
            "time_start": 1626409531.5033405,
            "time_finish": 1626409546.8800788,
            "time_cost": 15.37673830986023
        },
        {
            "epoch": 11,
            "sample": 5000,
            "lr": 0.00025000000000000006,
            "loss": 0.09119084731462133,
            "acc": 0.9716,
            "time": 15.31078052520752,
            "time_start": 1626409571.3620803,
            "time_finish": 1626409586.6728609,
            "time_cost": 15.31078052520752
        },
        {
            "epoch": 12,
            "sample": 5000,
            "lr": 0.00025000000000000006,
            "loss": 0.09490805877977686,
            "acc": 0.969,
            "time": 15.455362558364868,
            "time_start": 1626409611.1026263,
            "time_finish": 1626409626.557989,
            "time_cost": 15.455362558364868
        },
        {
            "epoch": 13,
            "sample": 5000,
            "lr": 0.00025000000000000006,
            "loss": 0.09589585846780864,
            "acc": 0.9658,
            "time": 15.352918863296509,
            "time_start": 1626409651.082308,
            "time_finish": 1626409666.435227,
            "time_cost": 15.352918863296509
        },
        {
            "epoch": 14,
            "sample": 5000,
            "lr": 0.00025000000000000006,
            "loss": 0.08672174997627735,
            "acc": 0.9726,
            "time": 15.343313455581665,
            "time_start": 1626409690.915122,
            "time_finish": 1626409706.2584355,
            "time_cost": 15.343313455581665
        },
        {
            "epoch": 15,
            "sample": 5000,
            "lr": 0.00012500000000000003,
            "loss": 0.06939799869344065,
            "acc": 0.98,
            "time": 11.907103300094604,
            "time_start": 1626409726.4432282,
            "time_finish": 1626409738.3503315,
            "time_cost": 11.907103300094604
        },
        {
            "epoch": 16,
            "sample": 5000,
            "lr": 0.00012500000000000003,
            "loss": 0.07712571202869271,
            "acc": 0.972,
            "time": 15.521437406539917,
            "time_start": 1626409761.8564827,
            "time_finish": 1626409777.3779202,
            "time_cost": 15.521437406539917
        },
        {
            "epoch": 17,
            "sample": 5000,
            "lr": 0.00012500000000000003,
            "loss": 0.07196699338816819,
            "acc": 0.9764,
            "time": 15.487460613250732,
            "time_start": 1626409802.3671532,
            "time_finish": 1626409817.8546138,