{
    "info": {
        "device": "cuda",
        "epoch": 20,
        "dataset": "stl10",
        "data_path": "/host/ubuntu/torch",
        "bs": 32,
        "root_path": "/host/ubuntu/torch",
        "arch": "swin_base_patch4_window12_384_22k",
        "lr": 0.001,
        "lr_scheduler": "step",
        "lr_step": 5,
        "lr_gamma": 0.5,
        "lr_scale": 0.1,
        "limit_train": 100,
        "limit_test": 0,
        "stats_fp": "./logs/massA/stats_210716_135750.json",
        "lineareval": true,
        "earlystop_epoch": 5,
        "pretrained": true,
        "note": "",
        "opt": "adamw",
        "fc": [
            512,
            128,
            32
        ],
        "image_size": 384
    },
    "telem": {
        "hardware": "1x3090",
        "sample_count_train": 100,
        "sample_count_val": 8000,
        "completed": false,
        "time_stamp": "210716_135750",
        "time_start": 1626443884.0531697,
        "time_finish": 1626445385.634071,
        "time_elapsed": 1501.5809013843536,
        "time_updated": 1626445385.634078,
        "bs": null,
        "mode": "lineareval"
    },
    "results": {
        "epochs": 19,
        "epoch.time": 74.85015310049057,
        "epoch.sample_time": 0.0,
        "train.time": 1.9762506365776062,
        "val.time": 72.87390246391297,
        "train.sample_time": 0.01976250636577606,
        "val.sample_time": 0.009109237807989121,
        "train.acc": 1.0,
        "train.loss": 9.999,
        "val.acc": 0.98225,
        "val.loss": 9.999
    },
    "train": [
        {
            "epoch": 0,
            "sample": 100,
            "lr": 0.001,
            "loss": 2.2623297572135925,
            "acc": 0.42,
            "time": 5.621314764022827,
            "time_start": 1626443884.0531697,
            "time_finish": 1626443889.6744845,
            "time_cost": 5.621314764022827
        },
        {
            "epoch": 1,
            "sample": 100,
            "lr": 0.001,
            "loss": 1.9350225925445557,
            "acc": 0.95,
            "time": 1.7843239307403564,
            "time_start": 1626443962.658657,
            "time_finish": 1626443964.442981,
            "time_cost": 1.7843239307403564
        },
        {
            "epoch": 2,
            "sample": 100,
            "lr": 0.001,
            "loss": 1.2323511838912964,
            "acc": 0.95,
            "time": 1.7879023551940918,
            "time_start": 1626444037.8973699,
            "time_finish": 1626444039.6852722,
            "time_cost": 1.7879023551940918
        },
        {
            "epoch": 3,
            "sample": 100,
            "lr": 0.001,
            "loss": 0.5884689912199974,
            "acc": 0.97,
            "time": 1.7539305686950684,
            "time_start": 1626444112.9496834,
            "time_finish": 1626444114.703614,
            "time_cost": 1.7539305686950684
        },
        {
            "epoch": 4,
            "sample": 100,
            "lr": 0.001,
            "loss": 0.12096300348639488,
            "acc": 1.0,
            "time": 1.764160394668579,
            "time_start": 1626444188.3307571,
            "time_finish": 1626444190.0949175,
            "time_cost": 1.764160394668579
        },
        {
            "epoch": 5,
            "sample": 100,
            "lr": 0.0005,
            "loss": 0.040789824444800615,
            "acc": 1.0,
            "time": 1.7797718048095703,
            "time_start": 1626444263.2888749,
            "time_finish": 1626444265.0686467,
            "time_cost": 1.7797718048095703
        },
        {
            "epoch": 6,
            "sample": 100,
            "lr": 0.0005,
            "loss": 0.02012230479158461,
            "acc": 1.0,
            "time": 1.7770404815673828,
            "time_start": 1626444337.9828274,
            "time_finish": 1626444339.759868,
            "time_cost": 1.7770404815673828
        },
        {
            "epoch": 7,
            "sample": 100,
            "lr": 0.0005,
            "loss": 0.013304818072356284,
            "acc": 1.0,
            "time": 1.8123831748962402,
            "time_start": 1626444412.7247028,
            "time_finish": 1626444414.537086,
            "time_cost": 1.8123831748962402
        },
        {
            "epoch": 8,
            "sample": 100,
            "lr": 0.0005,
            "loss": 0.0081266695051454,
            "acc": 1.0,
            "time": 1.7618558406829834,
            "time_start": 1626444487.5683436,
            "time_finish": 1626444489.3301995,
            "time_cost": 1.7618558406829834
        },
        {
            "epoch": 9,
            "sample": 100,
            "lr": 0.0005,
            "loss": 0.005452090466860682,
            "acc": 1.0,
            "time": 1.8095088005065918,
            "time_start": 1626444562.3393433,
            "time_finish": 1626444564.148852,
            "time_cost": 1.8095088005065918
        },
        {
            "epoch": 10,
            "sample": 100,
            "lr": 0.00025,
            "loss": 0.00417873467085883,
            "acc": 1.0,
            "time": 1.7538344860076904,
            "time_start": 1626444637.0745707,
            "time_finish": 1626444638.8284051,
            "time_cost": 1.7538344860076904
        },
        {
            "epoch": 11,
            "sample": 100,
            "lr": 0.00025,
            "loss": 0.003051905398024246,
            "acc": 1.0,
            "time": 1.8227880001068115,
            "time_start": 1626444711.770219,
            "time_finish": 1626444713.593007,
            "time_cost": 1.8227880001068115
        },
        {
            "epoch": 12,
            "sample": 100,
            "lr": 0.00025,
            "loss": 0.002697717325645499,
            "acc": 1.0,
            "time": 1.8156461715698242,
            "time_start": 1626444786.8902435,
            "time_finish": 1626444788.7058897,
            "time_cost": 1.8156461715698242
        },
        {
            "epoch": 13,
            "sample": 100,
            "lr": 0.00025,
            "loss": 0.0025859662564471364,
            "acc": 1.0,
            "time": 1.7801599502563477,
            "time_start": 1626444861.7224,
            "time_finish": 1626444863.50256,
            "time_cost": 1.7801599502563477
        },
        {
            "epoch": 14,
            "sample": 100,
            "lr": 0.00025,
            "loss": 0.002176689449697733,
            "acc": 1.0,
            "time": 1.7472474575042725,
            "time_start": 1626444936.4391334,
            "time_finish": 1626444938.1863809,
            "time_cost": 1.7472474575042725
        },
        {
            "epoch": 15,
            "sample": 100,
            "lr": 0.000125,
            "loss": 0.0016238349926425144,
            "acc": 1.0,
            "time": 1.8027775287628174,
            "time_start": 1626445011.2651412,
            "time_finish": 1626445013.0679188,
            "time_cost": 1.8027775287628174
        },
        {
            "epoch": 16,
            "sample": 100,
            "lr": 0.000125,
            "loss": 0.0016133808749145828,
            "acc": 1.0,
            "time": 1.7898623943328857,
            "time_start": 1626445086.1302147,
            "time_finish": 1626445087.920077,
            "time_cost": 1.7898623943328857
        },
        {
            "epoch": 17,
            "sample": 100,
            "lr": 0.000125,
            "loss": 0.0018090050434693694,
            "acc": 1.0,
            "time": 1.751802921295166,
            "time_start": 1626445161.0025322,
            "time_finish": 1626445162.7543352,
            "time_cost": 1.751802921295166
        },
        {
            "epoch": 18,
            "sample": 100,
            "lr": 0.000125,
            "loss": 0.001735513040330261,
            "acc": 1.0,
            "time": 1.8530354499816895,
            "time_start": 1626445235.7919989,
            "time_finish": 1626445237.6450343,