{
    "info": {
        "device": "cuda",
        "epoch": 20,
        "dataset": "stl10",
        "data_path": "/host/ubuntu/torch",
        "bs": 32,
        "root_path": "/host/ubuntu/torch",
        "arch": "wide_resnet101_2",
        "lr": 0.001,
        "lr_scheduler": "step",
        "lr_step": 5,
        "lr_gamma": 0.5,
        "lr_scale": 0.1,
        "limit_train": 100,
        "limit_test": 0,
        "stats_fp": "./logs/massA/stats_210716_154543.json",
        "lineareval": true,
        "earlystop_epoch": 5,
        "pretrained": true,
        "note": "",
        "opt": "adamw",
        "fc": [
            512,
            128,
            32
        ],
        "image_size": 224
    },
    "telem": {
        "hardware": "1x3090",
        "sample_count_train": 100,
        "sample_count_val": 8000,
        "completed": false,
        "time_stamp": "210716_154543",
        "time_start": 1626450362.972273,
        "time_finish": 1626450824.3205764,
        "time_elapsed": 461.3483033180237,
        "time_updated": 1626450824.3205826,
        "bs": null,
        "mode": "lineareval"
    },
    "results": {
        "epochs": 19,
        "epoch.time": 22.8290256857872,
        "epoch.sample_time": 0.0,
        "train.time": 1.061182177066803,
        "val.time": 21.767843508720397,
        "train.sample_time": 0.01061182177066803,
        "val.sample_time": 0.0027209804385900497,
        "train.acc": 0.95,
        "train.loss": 9.999,
        "val.acc": 0.807625,
        "val.loss": 9.999
    },
    "train": [
        {
            "epoch": 0,
            "sample": 100,
            "lr": 0.001,
            "loss": 2.278169572353363,
            "acc": 0.24,
            "time": 1.2343909740447998,
            "time_start": 1626450362.972273,
            "time_finish": 1626450364.206664,
            "time_cost": 1.2343909740447998
        },
        {
            "epoch": 1,
            "sample": 100,
            "lr": 0.001,
            "loss": 2.1200468242168427,
            "acc": 0.43,
            "time": 1.1394803524017334,
            "time_start": 1626450386.6884215,
            "time_finish": 1626450387.8279018,
            "time_cost": 1.1394803524017334
        },
        {
            "epoch": 2,
            "sample": 100,
            "lr": 0.001,
            "loss": 1.9200143218040466,
            "acc": 0.31,
            "time": 1.00205659866333,
            "time_start": 1626450409.9327052,
            "time_finish": 1626450410.9347618,
            "time_cost": 1.00205659866333
        },
        {
            "epoch": 3,
            "sample": 100,
            "lr": 0.001,
            "loss": 1.8133732974529266,
            "acc": 0.3,
            "time": 1.0127511024475098,
            "time_start": 1626450432.7094135,
            "time_finish": 1626450433.7221646,
            "time_cost": 1.0127511024475098
        },
        {
            "epoch": 4,
            "sample": 100,
            "lr": 0.001,
            "loss": 1.6595987379550934,
            "acc": 0.45,
            "time": 0.9916574954986572,
            "time_start": 1626450455.5058203,
            "time_finish": 1626450456.4974778,
            "time_cost": 0.9916574954986572
        },
        {
            "epoch": 5,
            "sample": 100,
            "lr": 0.0005,
            "loss": 1.3754001557826996,
            "acc": 0.73,
            "time": 0.9758050441741943,
            "time_start": 1626450478.1047928,
            "time_finish": 1626450479.0805979,
            "time_cost": 0.9758050441741943
        },
        {
            "epoch": 6,
            "sample": 100,
            "lr": 0.0005,
            "loss": 1.2857169955968857,
            "acc": 0.77,
            "time": 0.9859230518341064,
            "time_start": 1626450500.5930593,
            "time_finish": 1626450501.5789824,
            "time_cost": 0.9859230518341064
        },
        {
            "epoch": 7,
            "sample": 100,
            "lr": 0.0005,
            "loss": 0.9196247905492783,
            "acc": 0.88,
            "time": 0.967278003692627,
            "time_start": 1626450523.1531115,
            "time_finish": 1626450524.1203895,
            "time_cost": 0.967278003692627
        },
        {
            "epoch": 8,
            "sample": 100,
            "lr": 0.0005,
            "loss": 0.8192720711231232,
            "acc": 0.79,
            "time": 1.0268781185150146,
            "time_start": 1626450545.626525,
            "time_finish": 1626450546.653403,
            "time_cost": 1.0268781185150146
        },
        {
            "epoch": 9,
            "sample": 100,
            "lr": 0.0005,
            "loss": 0.9924228563904762,
            "acc": 0.82,
            "time": 0.9716291427612305,
            "time_start": 1626450568.1089907,
            "time_finish": 1626450569.0806198,
            "time_cost": 0.9716291427612305
        },
        {
            "epoch": 10,
            "sample": 100,
            "lr": 0.00025,
            "loss": 0.7134734019637108,
            "acc": 0.86,
            "time": 1.008676528930664,
            "time_start": 1626450590.6002836,
            "time_finish": 1626450591.6089602,
            "time_cost": 1.008676528930664
        },
        {
            "epoch": 11,
            "sample": 100,
            "lr": 0.00025,
            "loss": 0.6685625910758972,
            "acc": 0.89,
            "time": 1.0104913711547852,
            "time_start": 1626450613.197118,
            "time_finish": 1626450614.2076094,
            "time_cost": 1.0104913711547852
        },
        {
            "epoch": 12,
            "sample": 100,
            "lr": 0.00025,
            "loss": 0.6265499144792557,
            "acc": 0.88,
            "time": 1.0736424922943115,
            "time_start": 1626450635.5692966,
            "time_finish": 1626450636.642939,
            "time_cost": 1.0736424922943115
        },
        {
            "epoch": 13,
            "sample": 100,
            "lr": 0.00025,
            "loss": 0.5587205365300179,
            "acc": 0.92,
            "time": 1.0132956504821777,
            "time_start": 1626450658.1163647,
            "time_finish": 1626450659.1296604,
            "time_cost": 1.0132956504821777
        },
        {
            "epoch": 14,
            "sample": 100,
            "lr": 0.00025,
            "loss": 0.7172657996416092,
            "acc": 0.92,
            "time": 1.1182475090026855,
            "time_start": 1626450681.171851,
            "time_finish": 1626450682.2900984,
            "time_cost": 1.1182475090026855
        },
        {
            "epoch": 15,
            "sample": 100,
            "lr": 0.000125,
            "loss": 0.5449443124234676,
            "acc": 0.95,
            "time": 1.1470701694488525,
            "time_start": 1626450704.8587368,
            "time_finish": 1626450706.005807,
            "time_cost": 1.1470701694488525
        },
        {
            "epoch": 16,
            "sample": 100,
            "lr": 0.000125,
            "loss": 0.39392854273319244,
            "acc": 0.93,
            "time": 1.1235558986663818,
            "time_start": 1626450728.8438768,
            "time_finish": 1626450729.9674327,
            "time_cost": 1.1235558986663818
        },
        {
            "epoch": 17,
            "sample": 100,
            "lr": 0.000125,
            "loss": 0.5716705843806267,
            "acc": 0.93,
            "time": 1.1305108070373535,
            "time_start": 1626450752.7361536,
            "time_finish": 1626450753.8666644,
            "time_cost": 1.1305108070373535
        },
        {
            "epoch": 18,
            "sample": 100,
            "lr": 0.000125,
            "loss": 0.3507843315601349,
            "acc": 0.93,
            "time": 1.1530907154083252,
            "time_start": 1626450776.8022625,
            "time_finish": 1626450777.9553533,