{
    "info": {
        "device": "cuda",
        "epoch": 20,
        "dataset": "stl10",
        "data_path": "/host/ubuntu/torch",
        "bs": 32,
        "root_path": "/host/ubuntu/torch",
        "arch": "wide_resnet101_2",
        "lr": 0.001,
        "lr_scheduler": "step",
        "lr_step": 5,
        "lr_gamma": 0.5,
        "lr_scale": 0.1,
        "limit_train": 400,
        "limit_test": 0,
        "stats_fp": "./logs/massA/stats_210716_102342.json",
        "lineareval": true,
        "earlystop_epoch": 5,
        "pretrained": true,
        "note": "",
        "opt": "adamw",
        "fc": [
            512,
            128,
            32
        ],
        "image_size": 224
    },
    "telem": {
        "hardware": "1x3090",
        "sample_count_train": 400,
        "sample_count_val": 8000,
        "completed": false,
        "time_stamp": "210716_102342",
        "time_start": 1626431040.0733206,
        "time_finish": 1626431517.853303,
        "time_elapsed": 477.7799823284149,
        "time_updated": 1626431517.8533094,
        "bs": null,
        "mode": "lineareval"
    },
    "results": {
        "epochs": 19,
        "epoch.time": 23.65131950378418,
        "epoch.sample_time": 0.0,
        "train.time": 1.8478601813316344,
        "val.time": 21.803459322452547,
        "train.sample_time": 0.004619650453329086,
        "val.sample_time": 0.0027254324153065685,
        "train.acc": 0.995,
        "train.loss": 9.999,
        "val.acc": 0.9345,
        "val.loss": 9.999
    },
    "train": [
        {
            "epoch": 0,
            "sample": 400,
            "lr": 0.0010000000000000005,
            "loss": 2.0315179366331835,
            "acc": 0.3175,
            "time": 1.6854212284088135,
            "time_start": 1626431040.0733206,
            "time_finish": 1626431041.7587419,
            "time_cost": 1.6854212284088135
        },
        {
            "epoch": 1,
            "sample": 400,
            "lr": 0.0010000000000000005,
            "loss": 1.2063549848703237,
            "acc": 0.6575,
            "time": 1.6875865459442139,
            "time_start": 1626431063.1153455,
            "time_finish": 1626431064.802932,
            "time_cost": 1.6875865459442139
        },
        {
            "epoch": 2,
            "sample": 400,
            "lr": 0.0010000000000000005,
            "loss": 0.6655709468401395,
            "acc": 0.8025,
            "time": 1.7531688213348389,
            "time_start": 1626431086.2576663,
            "time_finish": 1626431088.0108352,
            "time_cost": 1.7531688213348389
        },
        {
            "epoch": 3,
            "sample": 400,
            "lr": 0.0010000000000000005,
            "loss": 0.4301063899810498,
            "acc": 0.87,
            "time": 1.711411952972412,
            "time_start": 1626431109.525209,
            "time_finish": 1626431111.236621,
            "time_cost": 1.711411952972412
        },
        {
            "epoch": 4,
            "sample": 400,
            "lr": 0.0010000000000000005,
            "loss": 0.34346860074079955,
            "acc": 0.8825,
            "time": 1.8912935256958008,
            "time_start": 1626431133.4436116,
            "time_finish": 1626431135.3349051,
            "time_cost": 1.8912935256958008
        },
        {
            "epoch": 5,
            "sample": 400,
            "lr": 0.0005000000000000002,
            "loss": 0.24719007084002861,
            "acc": 0.93,
            "time": 1.9445717334747314,
            "time_start": 1626431157.8774416,
            "time_finish": 1626431159.8220134,
            "time_cost": 1.9445717334747314
        },
        {
            "epoch": 6,
            "sample": 400,
            "lr": 0.0005000000000000002,
            "loss": 0.17071628627868798,
            "acc": 0.96,
            "time": 1.87326979637146,
            "time_start": 1626431181.8290265,
            "time_finish": 1626431183.7022963,
            "time_cost": 1.87326979637146
        },
        {
            "epoch": 7,
            "sample": 400,
            "lr": 0.0005000000000000002,
            "loss": 0.16789740338348424,
            "acc": 0.965,
            "time": 1.9449832439422607,
            "time_start": 1626431205.6216724,
            "time_finish": 1626431207.5666556,
            "time_cost": 1.9449832439422607
        },
        {
            "epoch": 8,
            "sample": 400,
            "lr": 0.0005000000000000002,
            "loss": 0.17037502532968155,
            "acc": 0.9425,
            "time": 1.8492050170898438,
            "time_start": 1626431229.577091,
            "time_finish": 1626431231.426296,
            "time_cost": 1.8492050170898438
        },
        {
            "epoch": 9,
            "sample": 400,
            "lr": 0.0005000000000000002,
            "loss": 0.135674497542473,
            "acc": 0.9675,
            "time": 1.8732080459594727,
            "time_start": 1626431253.3859088,
            "time_finish": 1626431255.259117,
            "time_cost": 1.8732080459594727
        },
        {
            "epoch": 10,
            "sample": 400,
            "lr": 0.0002500000000000001,
            "loss": 0.12529754065550291,
            "acc": 0.96,
            "time": 1.8924424648284912,
            "time_start": 1626431277.225827,
            "time_finish": 1626431279.1182694,
            "time_cost": 1.8924424648284912
        },
        {
            "epoch": 11,
            "sample": 400,
            "lr": 0.0002500000000000001,
            "loss": 0.11217291968373153,
            "acc": 0.97,
            "time": 1.911017656326294,
            "time_start": 1626431301.1055923,
            "time_finish": 1626431303.01661,
            "time_cost": 1.911017656326294
        },
        {
            "epoch": 12,
            "sample": 400,
            "lr": 0.0002500000000000001,
            "loss": 0.10614966773069821,
            "acc": 0.97,
            "time": 1.867549180984497,
            "time_start": 1626431324.9717894,
            "time_finish": 1626431326.8393385,
            "time_cost": 1.867549180984497
        },
        {
            "epoch": 13,
            "sample": 400,
            "lr": 0.0002500000000000001,
            "loss": 0.07901114597916603,
            "acc": 0.9825,
            "time": 1.8816828727722168,
            "time_start": 1626431348.759343,
            "time_finish": 1626431350.6410258,
            "time_cost": 1.8816828727722168
        },
        {
            "epoch": 14,
            "sample": 400,
            "lr": 0.0002500000000000001,
            "loss": 0.07919510855124547,
            "acc": 0.98,
            "time": 1.7599825859069824,
            "time_start": 1626431372.38139,
            "time_finish": 1626431374.1413727,
            "time_cost": 1.7599825859069824
        },
        {
            "epoch": 15,
            "sample": 400,
            "lr": 0.00012500000000000006,
            "loss": 0.051783037586854055,
            "acc": 0.985,
            "time": 1.873809814453125,
            "time_start": 1626431396.5755355,
            "time_finish": 1626431398.4493454,
            "time_cost": 1.873809814453125
        },
        {
            "epoch": 16,
            "sample": 400,
            "lr": 0.00012500000000000006,
            "loss": 0.049341800049520455,
            "acc": 0.9875,
            "time": 1.8683445453643799,
            "time_start": 1626431421.0024414,
            "time_finish": 1626431422.870786,
            "time_cost": 1.8683445453643799
        },
        {
            "epoch": 17,
            "sample": 400,
            "lr": 0.00012500000000000006,
            "loss": 0.04563891300215171,
            "acc": 0.9925,
            "time": 1.884324312210083,
            "time_start": 1626431444.9347272,
            "time_finish": 1626431446.8190515,
            "time_cost": 1.884324312210083
        },
        {
            "epoch": 18,