{
    "info": {
        "device": "cuda",
        "epoch": 20,
        "dataset": "stl10",
        "data_path": "/host/ubuntu/torch",
        "bs": 32,
        "root_path": "/host/ubuntu/torch",
        "arch": "swin_base_patch4_window12_384",
        "lr": 0.001,
        "lr_scheduler": "step",
        "lr_step": 5,
        "lr_gamma": 0.5,
        "lr_scale": 0.1,
        "limit_train": 200,
        "limit_test": 0,
        "stats_fp": "./logs/massA/stats_210716_104607.json",
        "lineareval": true,
        "earlystop_epoch": 5,
        "pretrained": true,
        "note": "",
        "opt": "adamw",
        "fc": [
            512,
            128,
            32
        ],
        "image_size": 384
    },
    "telem": {
        "hardware": "1x3090",
        "sample_count_train": 200,
        "sample_count_val": 8000,
        "completed": false,
        "time_stamp": "210716_104607",
        "time_start": 1626432382.59374,
        "time_finish": 1626433903.9782324,
        "time_elapsed": 1521.3844923973083,
        "time_updated": 1626433903.9782386,
        "bs": null,
        "mode": "lineareval"
    },
    "results": {
        "epochs": 19,
        "epoch.time": 75.82875595092773,
        "epoch.sample_time": 0.0,
        "train.time": 2.871050274372101,
        "val.time": 72.95770567655563,
        "train.sample_time": 0.014355251371860505,
        "val.sample_time": 0.009119713209569454,
        "train.acc": 1.0,
        "train.loss": 9.999,
        "val.acc": 0.975875,
        "val.loss": 9.999
    },
    "train": [
        {
            "epoch": 0,
            "sample": 200,
            "lr": 0.001,
            "loss": 2.230165549686977,
            "acc": 0.625,
            "time": 6.336400508880615,
            "time_start": 1626432382.59374,
            "time_finish": 1626432388.9301405,
            "time_cost": 6.336400508880615
        },
        {
            "epoch": 1,
            "sample": 200,
            "lr": 0.001,
            "loss": 1.6872076307024275,
            "acc": 0.945,
            "time": 2.669931411743164,
            "time_start": 1626432462.322189,
            "time_finish": 1626432464.9921205,
            "time_cost": 2.669931411743164
        },
        {
            "epoch": 2,
            "sample": 200,
            "lr": 0.001,
            "loss": 0.6972983617867742,
            "acc": 0.86,
            "time": 2.733794927597046,
            "time_start": 1626432538.317111,
            "time_finish": 1626432541.050906,
            "time_cost": 2.733794927597046
        },
        {
            "epoch": 3,
            "sample": 200,
            "lr": 0.001,
            "loss": 0.15579060039349965,
            "acc": 0.995,
            "time": 2.6170332431793213,
            "time_start": 1626432614.2529,
            "time_finish": 1626432616.8699331,
            "time_cost": 2.6170332431793213
        },
        {
            "epoch": 4,
            "sample": 200,
            "lr": 0.001,
            "loss": 0.024061756674200296,
            "acc": 1.0,
            "time": 2.729482650756836,
            "time_start": 1626432690.1685753,
            "time_finish": 1626432692.898058,
            "time_cost": 2.729482650756836
        },
        {
            "epoch": 5,
            "sample": 200,
            "lr": 0.0005,
            "loss": 0.0063220537600240535,
            "acc": 1.0,
            "time": 2.6620872020721436,
            "time_start": 1626432766.0712738,
            "time_finish": 1626432768.733361,
            "time_cost": 2.6620872020721436
        },
        {
            "epoch": 6,
            "sample": 200,
            "lr": 0.0005,
            "loss": 0.0036473150913869695,
            "acc": 1.0,
            "time": 2.7114217281341553,
            "time_start": 1626432842.05385,
            "time_finish": 1626432844.7652717,
            "time_cost": 2.7114217281341553
        },
        {
            "epoch": 7,
            "sample": 200,
            "lr": 0.0005,
            "loss": 0.0030952850689313243,
            "acc": 1.0,
            "time": 2.6849851608276367,
            "time_start": 1626432918.3437676,
            "time_finish": 1626432921.0287528,
            "time_cost": 2.6849851608276367
        },
        {
            "epoch": 8,
            "sample": 200,
            "lr": 0.0005,
            "loss": 0.0017408045158455415,
            "acc": 1.0,
            "time": 2.6921494007110596,
            "time_start": 1626432994.253179,
            "time_finish": 1626432996.9453285,
            "time_cost": 2.6921494007110596
        },
        {
            "epoch": 9,
            "sample": 200,
            "lr": 0.0005,
            "loss": 0.0013709545850620738,
            "acc": 1.0,
            "time": 2.7023227214813232,
            "time_start": 1626433070.1386037,
            "time_finish": 1626433072.8409264,
            "time_cost": 2.7023227214813232
        },
        {
            "epoch": 10,
            "sample": 200,
            "lr": 0.00025,
            "loss": 0.002659474848769605,
            "acc": 1.0,
            "time": 2.690682888031006,
            "time_start": 1626433145.9643838,
            "time_finish": 1626433148.6550667,
            "time_cost": 2.690682888031006
        },
        {
            "epoch": 11,
            "sample": 200,
            "lr": 0.00025,
            "loss": 0.0015153652306513063,
            "acc": 1.0,
            "time": 2.6765987873077393,
            "time_start": 1626433221.6548839,
            "time_finish": 1626433224.3314826,
            "time_cost": 2.6765987873077393
        },
        {
            "epoch": 12,
            "sample": 200,
            "lr": 0.00025,
            "loss": 0.0013051580026512966,
            "acc": 1.0,
            "time": 2.676490068435669,
            "time_start": 1626433297.612324,
            "time_finish": 1626433300.288814,
            "time_cost": 2.676490068435669
        },
        {
            "epoch": 13,
            "sample": 200,
            "lr": 0.00025,
            "loss": 0.0011322138681342559,
            "acc": 1.0,
            "time": 2.6699740886688232,
            "time_start": 1626433373.3821354,
            "time_finish": 1626433376.0521095,
            "time_cost": 2.6699740886688232
        },
        {
            "epoch": 14,
            "sample": 200,
            "lr": 0.00025,
            "loss": 0.0016720893535031272,
            "acc": 1.0,
            "time": 2.659287929534912,
            "time_start": 1626433449.1886578,
            "time_finish": 1626433451.8479457,
            "time_cost": 2.659287929534912
        },
        {
            "epoch": 15,
            "sample": 200,
            "lr": 0.000125,
            "loss": 0.0012517655102003897,
            "acc": 1.0,
            "time": 2.6878767013549805,
            "time_start": 1626433524.9094734,
            "time_finish": 1626433527.5973501,
            "time_cost": 2.6878767013549805
        },
        {
            "epoch": 16,
            "sample": 200,
            "lr": 0.000125,
            "loss": 0.001293302043840023,
            "acc": 1.0,
            "time": 2.72503924369812,
            "time_start": 1626433600.6220062,
            "time_finish": 1626433603.3470454,
            "time_cost": 2.72503924369812
        },
        {
            "epoch": 17,
            "sample": 200,
            "lr": 0.000125,
            "loss": 0.0009433255805301347,
            "acc": 1.0,
            "time": 2.6637954711914062,
            "time_start": 1626433676.493311,
            "time_finish": 1626433679.1571064,
            "time_cost": 2.6637954711914062
        },
        {
            "epoch": 18,
            "sample": 200,
            "lr": 0.000125,
            "loss": 0.0009648513930317547,
            "acc": 1.0,
            "time": 2.6672592163085938,
            "time_start": 1626433752.533964,
            "time_finish": 1626433755.2012231,