{
    "info": {
        "device": "cuda",
        "epoch": 20,
        "dataset": "stl10",
        "data_path": "/host/ubuntu/torch",
        "bs": 32,
        "root_path": "/host/ubuntu/torch",
        "arch": "resnext101_32x8d",
        "lr": 0.001,
        "lr_scheduler": "step",
        "lr_step": 5,
        "lr_gamma": 0.5,
        "lr_scale": 0.1,
        "limit_train": 100,
        "limit_test": 0,
        "stats_fp": "./logs/massA/stats_210716_153053.json",
        "lineareval": true,
        "earlystop_epoch": 5,
        "pretrained": true,
        "note": "",
        "opt": "adamw",
        "fc": [
            512,
            128,
            32
        ],
        "image_size": 224
    },
    "telem": {
        "hardware": "1x3090",
        "sample_count_train": 100,
        "sample_count_val": 8000,
        "completed": false,
        "time_stamp": "210716_153053",
        "time_start": 1626449470.5128098,
        "time_finish": 1626449993.7209072,
        "time_elapsed": 523.2080974578857,
        "time_updated": 1626449993.7209182,
        "bs": null,
        "mode": "lineareval"
    },
    "results": {
        "epochs": 19,
        "epoch.time": 25.936783683300018,
        "epoch.sample_time": 0.0,
        "train.time": 1.0430810689926147,
        "val.time": 24.893702614307404,
        "train.sample_time": 0.010430810689926146,
        "val.sample_time": 0.0031117128267884255,
        "train.acc": 1.0,
        "train.loss": 9.999,
        "val.acc": 0.901375,
        "val.loss": 9.999
    },
    "train": [
        {
            "epoch": 0,
            "sample": 100,
            "lr": 0.001,
            "loss": 2.2345550060272217,
            "acc": 0.2,
            "time": 1.095479965209961,
            "time_start": 1626449470.5128098,
            "time_finish": 1626449471.6082897,
            "time_cost": 1.095479965209961
        },
        {
            "epoch": 1,
            "sample": 100,
            "lr": 0.001,
            "loss": 1.9949913024902344,
            "acc": 0.33,
            "time": 1.0183606147766113,
            "time_start": 1626449496.5067341,
            "time_finish": 1626449497.5250947,
            "time_cost": 1.0183606147766113
        },
        {
            "epoch": 2,
            "sample": 100,
            "lr": 0.001,
            "loss": 1.5659900903701782,
            "acc": 0.52,
            "time": 1.0112175941467285,
            "time_start": 1626449522.6072,
            "time_finish": 1626449523.6184175,
            "time_cost": 1.0112175941467285
        },
        {
            "epoch": 3,
            "sample": 100,
            "lr": 0.001,
            "loss": 1.2478681951761246,
            "acc": 0.6,
            "time": 1.0041415691375732,
            "time_start": 1626449548.7489235,
            "time_finish": 1626449549.753065,
            "time_cost": 1.0041415691375732
        },
        {
            "epoch": 4,
            "sample": 100,
            "lr": 0.001,
            "loss": 0.8363338112831116,
            "acc": 0.77,
            "time": 1.026322603225708,
            "time_start": 1626449574.8761382,
            "time_finish": 1626449575.9024608,
            "time_cost": 1.026322603225708
        },
        {
            "epoch": 5,
            "sample": 100,
            "lr": 0.0005,
            "loss": 0.873888686299324,
            "acc": 0.76,
            "time": 1.03904390335083,
            "time_start": 1626449601.0880992,
            "time_finish": 1626449602.1271431,
            "time_cost": 1.03904390335083
        },
        {
            "epoch": 6,
            "sample": 100,
            "lr": 0.0005,
            "loss": 0.4579213559627533,
            "acc": 0.93,
            "time": 1.0370492935180664,
            "time_start": 1626449627.386702,
            "time_finish": 1626449628.4237514,
            "time_cost": 1.0370492935180664
        },
        {
            "epoch": 7,
            "sample": 100,
            "lr": 0.0005,
            "loss": 0.6393978148698807,
            "acc": 0.85,
            "time": 1.050121784210205,
            "time_start": 1626449653.5246596,
            "time_finish": 1626449654.5747814,
            "time_cost": 1.050121784210205
        },
        {
            "epoch": 8,
            "sample": 100,
            "lr": 0.0005,
            "loss": 0.6502958163619041,
            "acc": 0.94,
            "time": 1.1131784915924072,
            "time_start": 1626449679.7251265,
            "time_finish": 1626449680.838305,
            "time_cost": 1.1131784915924072
        },
        {
            "epoch": 9,
            "sample": 100,
            "lr": 0.0005,
            "loss": 0.32679735496640205,
            "acc": 1.0,
            "time": 1.0194401741027832,
            "time_start": 1626449705.925862,
            "time_finish": 1626449706.9453022,
            "time_cost": 1.0194401741027832
        },
        {
            "epoch": 10,
            "sample": 100,
            "lr": 0.00025,
            "loss": 0.5004992410540581,
            "acc": 0.94,
            "time": 1.0223627090454102,
            "time_start": 1626449732.0768974,
            "time_finish": 1626449733.09926,
            "time_cost": 1.0223627090454102
        },
        {
            "epoch": 11,
            "sample": 100,
            "lr": 0.00025,
            "loss": 0.20979323610663414,
            "acc": 0.98,
            "time": 1.0502405166625977,
            "time_start": 1626449758.2155976,
            "time_finish": 1626449759.2658381,
            "time_cost": 1.0502405166625977
        },
        {
            "epoch": 12,
            "sample": 100,
            "lr": 0.00025,
            "loss": 0.32039187103509903,
            "acc": 0.97,
            "time": 1.041109323501587,
            "time_start": 1626449784.5336757,
            "time_finish": 1626449785.574785,
            "time_cost": 1.041109323501587
        },
        {
            "epoch": 13,
            "sample": 100,
            "lr": 0.00025,
            "loss": 0.19055265933275223,
            "acc": 0.99,
            "time": 1.0625231266021729,
            "time_start": 1626449810.687621,
            "time_finish": 1626449811.7501442,
            "time_cost": 1.0625231266021729
        },
        {
            "epoch": 14,
            "sample": 100,
            "lr": 0.00025,
            "loss": 0.17049423046410084,
            "acc": 0.99,
            "time": 1.0486197471618652,
            "time_start": 1626449836.7764583,
            "time_finish": 1626449837.825078,
            "time_cost": 1.0486197471618652
        },
        {
            "epoch": 15,
            "sample": 100,
            "lr": 0.000125,
            "loss": 0.23332218080759048,
            "acc": 1.0,
            "time": 1.0327041149139404,
            "time_start": 1626449862.950772,
            "time_finish": 1626449863.9834762,
            "time_cost": 1.0327041149139404
        },
        {
            "epoch": 16,
            "sample": 100,
            "lr": 0.000125,
            "loss": 0.2633958552032709,
            "acc": 1.0,
            "time": 1.0259673595428467,
            "time_start": 1626449889.141881,
            "time_finish": 1626449890.1678483,
            "time_cost": 1.0259673595428467
        },
        {
            "epoch": 17,
            "sample": 100,
            "lr": 0.000125,
            "loss": 0.2660021111369133,
            "acc": 0.97,
            "time": 1.0208086967468262,
            "time_start": 1626449915.3412304,
            "time_finish": 1626449916.362039,
            "time_cost": 1.0208086967468262
        },
        {
            "epoch": 18,
            "sample": 100,
            "lr": 0.000125,
            "loss": 0.19262541085481644,
            "acc": 1.0,
            "time": 1.0879948139190674,
            "time_start": 1626449941.502597,
            "time_finish": 1626449942.590592,