{
    "info": {
        "device": "cuda",
        "epoch": 20,
        "dataset": "stl10",
        "data_path": "/host/ubuntu/torch",
        "bs": 32,
        "root_path": "/host/ubuntu/torch",
        "arch": "wide_resnet50_2",
        "lr": 0.001,
        "lr_scheduler": "step",
        "lr_step": 5,
        "lr_gamma": 0.5,
        "lr_scale": 0.1,
        "limit_train": 800,
        "limit_test": 0,
        "stats_fp": "./logs/massA/stats_210716_074918.json",
        "lineareval": true,
        "earlystop_epoch": 5,
        "pretrained": true,
        "note": "",
        "opt": "adamw",
        "fc": [
            512,
            128,
            32
        ],
        "image_size": 224
    },
    "telem": {
        "hardware": "1x3090",
        "sample_count_train": 800,
        "sample_count_val": 8000,
        "completed": false,
        "time_stamp": "210716_074918",
        "time_start": 1626421774.9664884,
        "time_finish": 1626422118.1809587,
        "time_elapsed": 343.2144703865051,
        "time_updated": 1626422118.1809654,
        "bs": null,
        "mode": "lineareval"
    },
    "results": {
        "epochs": 19,
        "epoch.time": 16.926136100292204,
        "epoch.sample_time": 0.0,
        "train.time": 2.1619240283966064,
        "val.time": 14.7642120718956,
        "train.sample_time": 0.002702405035495758,
        "val.sample_time": 0.00184552650898695,
        "train.acc": 0.99125,
        "train.loss": 9.999,
        "val.acc": 0.94225,
        "val.loss": 9.999
    },
    "train": [
        {
            "epoch": 0,
            "sample": 800,
            "lr": 0.001,
            "loss": 1.507642583847046,
            "acc": 0.51375,
            "time": 2.0598514080047607,
            "time_start": 1626421774.9664884,
            "time_finish": 1626421777.0263398,
            "time_cost": 2.0598514080047607
        },
        {
            "epoch": 1,
            "sample": 800,
            "lr": 0.001,
            "loss": 0.46159893155097964,
            "acc": 0.87125,
            "time": 2.0120158195495605,
            "time_start": 1626421791.4777644,
            "time_finish": 1626421793.4897802,
            "time_cost": 2.0120158195495605
        },
        {
            "epoch": 2,
            "sample": 800,
            "lr": 0.001,
            "loss": 0.41990993201732635,
            "acc": 0.87375,
            "time": 2.113865375518799,
            "time_start": 1626421808.1185787,
            "time_finish": 1626421810.232444,
            "time_cost": 2.113865375518799
        },
        {
            "epoch": 3,
            "sample": 800,
            "lr": 0.001,
            "loss": 0.25420127749443056,
            "acc": 0.925,
            "time": 2.3184235095977783,
            "time_start": 1626421825.085406,
            "time_finish": 1626421827.4038296,
            "time_cost": 2.3184235095977783
        },
        {
            "epoch": 4,
            "sample": 800,
            "lr": 0.001,
            "loss": 0.2087702578306198,
            "acc": 0.92875,
            "time": 2.04911470413208,
            "time_start": 1626421842.2693014,
            "time_finish": 1626421844.318416,
            "time_cost": 2.04911470413208
        },
        {
            "epoch": 5,
            "sample": 800,
            "lr": 0.0005,
            "loss": 0.12699102520942687,
            "acc": 0.9575,
            "time": 2.136000633239746,
            "time_start": 1626421859.1570094,
            "time_finish": 1626421861.29301,
            "time_cost": 2.136000633239746
        },
        {
            "epoch": 6,
            "sample": 800,
            "lr": 0.0005,
            "loss": 0.10839233789592981,
            "acc": 0.9675,
            "time": 2.3070802688598633,
            "time_start": 1626421876.225431,
            "time_finish": 1626421878.5325112,
            "time_cost": 2.3070802688598633
        },
        {
            "epoch": 7,
            "sample": 800,
            "lr": 0.0005,
            "loss": 0.1063576103374362,
            "acc": 0.96875,
            "time": 2.2235121726989746,
            "time_start": 1626421893.6821778,
            "time_finish": 1626421895.90569,
            "time_cost": 2.2235121726989746
        },
        {
            "epoch": 8,
            "sample": 800,
            "lr": 0.0005,
            "loss": 0.0807856173068285,
            "acc": 0.9725,
            "time": 2.1972782611846924,
            "time_start": 1626421910.9353848,
            "time_finish": 1626421913.132663,
            "time_cost": 2.1972782611846924
        },
        {
            "epoch": 9,
            "sample": 800,
            "lr": 0.0005,
            "loss": 0.13300220139324664,
            "acc": 0.95625,
            "time": 2.1604278087615967,
            "time_start": 1626421927.9966605,
            "time_finish": 1626421930.1570883,
            "time_cost": 2.1604278087615967
        },
        {
            "epoch": 10,
            "sample": 800,
            "lr": 0.00025,
            "loss": 0.08654529672116042,
            "acc": 0.97375,
            "time": 2.174852132797241,
            "time_start": 1626421945.5616903,
            "time_finish": 1626421947.7365425,
            "time_cost": 2.174852132797241
        },
        {
            "epoch": 11,
            "sample": 800,
            "lr": 0.00025,
            "loss": 0.06273191954940557,
            "acc": 0.98,
            "time": 2.0923211574554443,
            "time_start": 1626421962.9688637,
            "time_finish": 1626421965.061185,
            "time_cost": 2.0923211574554443
        },
        {
            "epoch": 12,
            "sample": 800,
            "lr": 0.00025,
            "loss": 0.04008968995884061,
            "acc": 0.99,
            "time": 2.2024216651916504,
            "time_start": 1626421980.5436773,
            "time_finish": 1626421982.746099,
            "time_cost": 2.2024216651916504
        },
        {
            "epoch": 13,
            "sample": 800,
            "lr": 0.00025,
            "loss": 0.06951738992705941,
            "acc": 0.9775,
            "time": 2.2474939823150635,
            "time_start": 1626421998.0903087,
            "time_finish": 1626422000.3378026,
            "time_cost": 2.2474939823150635
        },
        {
            "epoch": 14,
            "sample": 800,
            "lr": 0.00025,
            "loss": 0.06307024324312806,
            "acc": 0.9825,
            "time": 2.297337293624878,
            "time_start": 1626422015.489851,
            "time_finish": 1626422017.7871883,
            "time_cost": 2.297337293624878
        },
        {
            "epoch": 15,
            "sample": 800,
            "lr": 0.000125,
            "loss": 0.06355730064213276,
            "acc": 0.97625,
            "time": 2.2137057781219482,
            "time_start": 1626422032.9554121,
            "time_finish": 1626422035.169118,
            "time_cost": 2.2137057781219482
        },
        {
            "epoch": 16,
            "sample": 800,
            "lr": 0.000125,
            "loss": 0.04163991017267108,
            "acc": 0.99125,
            "time": 2.2264890670776367,
            "time_start": 1626422050.7213476,
            "time_finish": 1626422052.9478366,
            "time_cost": 2.2264890670776367
        },
        {
            "epoch": 17,
            "sample": 800,
            "lr": 0.000125,
            "loss": 0.04293277656659484,
            "acc": 0.98875,
            "time": 2.133899211883545,
            "time_start": 1626422067.8668368,
            "time_finish": 1626422070.000736,
            "time_cost": 2.133899211883545
        },
        {
            "epoch": 18,
            "sample": 800,
            "lr": 0.000125,
            "loss": 0.04455889768898487,
            "acc": 0.9875,
            "time": 2.019052267074585,
            "time_start": 1626422084.6805975,
            "time_finish": 1626422086.6996498,