{
    "info": {
        "device": "cuda",
        "epoch": 20,
        "dataset": "stl10",
        "data_path": "/host/ubuntu/torch",
        "bs": 32,
        "root_path": "/host/ubuntu/torch",
        "arch": "swin_base_patch4_window12_384_22k",
        "lr": 0.001,
        "lr_scheduler": "step",
        "lr_step": 5,
        "lr_gamma": 0.5,
        "lr_scale": 0.1,
        "limit_train": 0,
        "limit_test": 0,
        "stats_fp": "./logs/massA/stats_210715_231449.json",
        "lineareval": true,
        "earlystop_epoch": 5,
        "pretrained": true,
        "note": "",
        "opt": "adamw",
        "fc": [
            512,
            128,
            32
        ],
        "image_size": 384
    },
    "telem": {
        "hardware": "1x3090",
        "sample_count_train": 5000,
        "sample_count_val": 8000,
        "completed": false,
        "time_stamp": "210715_231449",
        "time_start": 1626390924.57041,
        "time_finish": 1626394417.7006528,
        "time_elapsed": 3493.1302428245544,
        "time_updated": 1626394417.7006595,
        "bs": null,
        "mode": "lineareval"
    },
    "results": {
        "epochs": 15,
        "epoch.time": 218.08164724707603,
        "epoch.sample_time": 0.0,
        "train.time": 84.60291668772697,
        "val.time": 133.47873055934906,
        "train.sample_time": 0.016920583337545394,
        "val.sample_time": 0.016684841319918632,
        "train.acc": 1.0,
        "train.loss": 9.999,
        "val.acc": 0.9965,
        "val.loss": 9.999
    },
    "train": [
        {
            "epoch": 0,
            "sample": 5000,
            "lr": 0.0010000000000000002,
            "loss": 0.18124767046899662,
            "acc": 0.9674,
            "time": 89.6590929031372,
            "time_start": 1626390924.57041,
            "time_finish": 1626391014.229503,
            "time_cost": 89.6590929031372
        },
        {
            "epoch": 1,
            "sample": 5000,
            "lr": 0.0010000000000000002,
            "loss": 0.013820551240204605,
            "acc": 0.9954,
            "time": 84.89242577552795,
            "time_start": 1626391148.544478,
            "time_finish": 1626391233.4369037,
            "time_cost": 84.89242577552795
        },
        {
            "epoch": 2,
            "sample": 5000,
            "lr": 0.0010000000000000002,
            "loss": 0.011210431298892149,
            "acc": 0.9976,
            "time": 84.17184662818909,
            "time_start": 1626391355.2199886,
            "time_finish": 1626391439.3918352,
            "time_cost": 84.17184662818909
        },
        {
            "epoch": 3,
            "sample": 5000,
            "lr": 0.0010000000000000002,
            "loss": 0.006775904756502957,
            "acc": 0.998,
            "time": 84.29433512687683,
            "time_start": 1626391573.9518125,
            "time_finish": 1626391658.2461476,
            "time_cost": 84.29433512687683
        },
        {
            "epoch": 4,
            "sample": 5000,
            "lr": 0.0010000000000000002,
            "loss": 0.0020814948459927478,
            "acc": 0.9994,
            "time": 84.22757077217102,
            "time_start": 1626391792.865242,
            "time_finish": 1626391877.0928128,
            "time_cost": 84.22757077217102
        },
        {
            "epoch": 5,
            "sample": 5000,
            "lr": 0.0005000000000000001,
            "loss": 0.0010440618606463333,
            "acc": 0.9994,
            "time": 83.0180070400238,
            "time_start": 1626392011.781785,
            "time_finish": 1626392094.799792,
            "time_cost": 83.0180070400238
        },
        {
            "epoch": 6,
            "sample": 5000,
            "lr": 0.0005000000000000001,
            "loss": 0.0014733190347493048,
            "acc": 0.9992,
            "time": 84.19268155097961,
            "time_start": 1626392229.2360647,
            "time_finish": 1626392313.4287462,
            "time_cost": 84.19268155097961
        },
        {
            "epoch": 7,
            "sample": 5000,
            "lr": 0.0005000000000000001,
            "loss": 0.00026146436629066446,
            "acc": 1.0,
            "time": 84.29979348182678,
            "time_start": 1626392448.0748818,
            "time_finish": 1626392532.3746753,
            "time_cost": 84.29979348182678
        },
        {
            "epoch": 8,
            "sample": 5000,
            "lr": 0.0005000000000000001,
            "loss": 0.0005661210248774388,
            "acc": 0.9998,
            "time": 84.27489900588989,
            "time_start": 1626392667.084161,
            "time_finish": 1626392751.35906,
            "time_cost": 84.27489900588989
        },
        {
            "epoch": 9,
            "sample": 5000,
            "lr": 0.0005000000000000001,
            "loss": 0.0007305336979579284,
            "acc": 0.9998,
            "time": 84.31602334976196,
            "time_start": 1626392885.7283432,
            "time_finish": 1626392970.0443666,
            "time_cost": 84.31602334976196
        },
        {
            "epoch": 10,
            "sample": 5000,
            "lr": 0.00025000000000000006,
            "loss": 0.0007636866415464138,
            "acc": 0.9998,
            "time": 84.24711585044861,
            "time_start": 1626393104.526046,
            "time_finish": 1626393188.773162,
            "time_cost": 84.24711585044861
        },
        {
            "epoch": 11,
            "sample": 5000,
            "lr": 0.00025000000000000006,
            "loss": 0.0010402442557978346,
            "acc": 0.9996,
            "time": 84.47291159629822,
            "time_start": 1626393323.4253216,
            "time_finish": 1626393407.8982332,
            "time_cost": 84.47291159629822
        },
        {
            "epoch": 12,
            "sample": 5000,
            "lr": 0.00025000000000000006,
            "loss": 0.0001214620673039416,
            "acc": 1.0,
            "time": 84.27955555915833,
            "time_start": 1626393542.372481,
            "time_finish": 1626393626.6520367,
            "time_cost": 84.27955555915833
        },
        {
            "epoch": 13,
            "sample": 5000,
            "lr": 0.00025000000000000006,
            "loss": 9.008866104515653e-05,
            "acc": 1.0,
            "time": 84.29197859764099,
            "time_start": 1626393761.135298,
            "time_finish": 1626393845.4272766,
            "time_cost": 84.29197859764099
        },
        {
            "epoch": 14,
            "sample": 5000,
            "lr": 0.00025000000000000006,
            "loss": 0.00012308239185649712,
            "acc": 1.0,
            "time": 84.53727173805237,
            "time_start": 1626393979.6144726,
            "time_finish": 1626394064.1517444,
            "time_cost": 84.53727173805237
        },
        {
            "epoch": 15,
            "sample": 5000,
            "lr": 0.00012500000000000003,
            "loss": 0.00013717735815396934,
            "acc": 1.0,
            "time": 84.47115802764893,
            "time_start": 1626394198.6686628,
            "time_finish": 1626394283.1398208,
            "time_cost": 84.47115802764893
        }
    ],
    "val": [
        {
            "epoch": 0,
            "sample": 8000,
            "lr": 0.0,
            "loss": 0.031368271434505005,
            "acc": 0.99275,
            "time": 134.09192276000977,
            "time_start": 1626391014.323811,
            "time_finish": 1626391148.4157338,
            "time_cost": 134.09192276000977
        },
        {
            "epoch": 1,
            "sample": 8000,
            "lr": 0.0,
            "loss": 0.05517710942402482,
            "acc": 0.985625,
            "time": 121.53698205947876,
            "time_start": 1626391233.560219,
            "time_finish": 1626391355.097201,