{
    "info": {
        "device": "cuda",
        "epoch": 20,
        "dataset": "stl10",
        "data_path": "/host/ubuntu/torch",
        "bs": 32,
        "root_path": "/host/ubuntu/torch",
        "arch": "wide_resnet50_2",
        "lr": 0.001,
        "lr_scheduler": "step",
        "lr_step": 5,
        "lr_gamma": 0.5,
        "lr_scale": 0.1,
        "limit_train": 100,
        "limit_test": 0,
        "stats_fp": "./logs/massA/stats_210716_153956.json",
        "lineareval": true,
        "earlystop_epoch": 5,
        "pretrained": true,
        "note": "",
        "opt": "adamw",
        "fc": [
            512,
            128,
            32
        ],
        "image_size": 224
    },
    "telem": {
        "hardware": "1x3090",
        "sample_count_train": 100,
        "sample_count_val": 8000,
        "completed": false,
        "time_stamp": "210716_153956",
        "time_start": 1626450012.668529,
        "time_finish": 1626450341.1765954,
        "time_elapsed": 328.50806641578674,
        "time_updated": 1626450341.1766016,
        "bs": null,
        "mode": "lineareval"
    },
    "results": {
        "epochs": 19,
        "epoch.time": 16.179626607894896,
        "epoch.sample_time": 0.0,
        "train.time": 1.0397216796875,
        "val.time": 15.139904928207397,
        "train.sample_time": 0.010397216796874999,
        "val.sample_time": 0.0018924881160259247,
        "train.acc": 0.99,
        "train.loss": 9.999,
        "val.acc": 0.82475,
        "val.loss": 9.999
    },
    "train": [
        {
            "epoch": 0,
            "sample": 100,
            "lr": 0.001,
            "loss": 2.320141613483429,
            "acc": 0.2,
            "time": 0.9517827033996582,
            "time_start": 1626450012.668529,
            "time_finish": 1626450013.6203117,
            "time_cost": 0.9517827033996582
        },
        {
            "epoch": 1,
            "sample": 100,
            "lr": 0.001,
            "loss": 2.098920464515686,
            "acc": 0.45,
            "time": 0.8995728492736816,
            "time_start": 1626450028.2089436,
            "time_finish": 1626450029.1085165,
            "time_cost": 0.8995728492736816
        },
        {
            "epoch": 2,
            "sample": 100,
            "lr": 0.001,
            "loss": 1.8103910386562347,
            "acc": 0.63,
            "time": 0.9728496074676514,
            "time_start": 1626450043.7318666,
            "time_finish": 1626450044.7047162,
            "time_cost": 0.9728496074676514
        },
        {
            "epoch": 3,
            "sample": 100,
            "lr": 0.001,
            "loss": 1.6092199385166168,
            "acc": 0.38,
            "time": 1.0181801319122314,
            "time_start": 1626450059.891808,
            "time_finish": 1626450060.9099882,
            "time_cost": 1.0181801319122314
        },
        {
            "epoch": 4,
            "sample": 100,
            "lr": 0.001,
            "loss": 1.601749986410141,
            "acc": 0.51,
            "time": 1.0495638847351074,
            "time_start": 1626450076.3894296,
            "time_finish": 1626450077.4389935,
            "time_cost": 1.0495638847351074
        },
        {
            "epoch": 5,
            "sample": 100,
            "lr": 0.0005,
            "loss": 1.1821876913309097,
            "acc": 0.73,
            "time": 1.0711486339569092,
            "time_start": 1626450092.926337,
            "time_finish": 1626450093.9974856,
            "time_cost": 1.0711486339569092
        },
        {
            "epoch": 6,
            "sample": 100,
            "lr": 0.0005,
            "loss": 0.8753148913383484,
            "acc": 0.88,
            "time": 1.0559594631195068,
            "time_start": 1626450109.704083,
            "time_finish": 1626450110.7600424,
            "time_cost": 1.0559594631195068
        },
        {
            "epoch": 7,
            "sample": 100,
            "lr": 0.0005,
            "loss": 1.0639113932847977,
            "acc": 0.78,
            "time": 1.0738022327423096,
            "time_start": 1626450126.200053,
            "time_finish": 1626450127.2738552,
            "time_cost": 1.0738022327423096
        },
        {
            "epoch": 8,
            "sample": 100,
            "lr": 0.0005,
            "loss": 0.6622287631034851,
            "acc": 0.86,
            "time": 1.0706653594970703,
            "time_start": 1626450142.7592697,
            "time_finish": 1626450143.829935,
            "time_cost": 1.0706653594970703
        },
        {
            "epoch": 9,
            "sample": 100,
            "lr": 0.0005,
            "loss": 0.637562595307827,
            "acc": 0.94,
            "time": 1.0910701751708984,
            "time_start": 1626450159.1454613,
            "time_finish": 1626450160.2365315,
            "time_cost": 1.0910701751708984
        },
        {
            "epoch": 10,
            "sample": 100,
            "lr": 0.00025,
            "loss": 0.4680323600769043,
            "acc": 0.97,
            "time": 1.060748815536499,
            "time_start": 1626450175.5233839,
            "time_finish": 1626450176.5841327,
            "time_cost": 1.060748815536499
        },
        {
            "epoch": 11,
            "sample": 100,
            "lr": 0.00025,
            "loss": 0.6171974316239357,
            "acc": 0.91,
            "time": 1.0776145458221436,
            "time_start": 1626450192.320251,
            "time_finish": 1626450193.3978655,
            "time_cost": 1.0776145458221436
        },
        {
            "epoch": 12,
            "sample": 100,
            "lr": 0.00025,
            "loss": 0.5430408827960491,
            "acc": 0.9,
            "time": 1.0718278884887695,
            "time_start": 1626450209.1338327,
            "time_finish": 1626450210.2056606,
            "time_cost": 1.0718278884887695
        },
        {
            "epoch": 13,
            "sample": 100,
            "lr": 0.00025,
            "loss": 0.41265711933374405,
            "acc": 0.97,
            "time": 1.0390551090240479,
            "time_start": 1626450225.8562217,
            "time_finish": 1626450226.8952768,
            "time_cost": 1.0390551090240479
        },
        {
            "epoch": 14,
            "sample": 100,
            "lr": 0.00025,
            "loss": 0.3944873586297035,
            "acc": 0.99,
            "time": 1.0486154556274414,
            "time_start": 1626450242.4973695,
            "time_finish": 1626450243.545985,
            "time_cost": 1.0486154556274414
        },
        {
            "epoch": 15,
            "sample": 100,
            "lr": 0.000125,
            "loss": 0.41172579675912857,
            "acc": 0.99,
            "time": 1.0821802616119385,
            "time_start": 1626450258.9752955,
            "time_finish": 1626450260.0574758,
            "time_cost": 1.0821802616119385
        },
        {
            "epoch": 16,
            "sample": 100,
            "lr": 0.000125,
            "loss": 0.5179523974657059,
            "acc": 0.97,
            "time": 0.9915010929107666,
            "time_start": 1626450275.3400083,
            "time_finish": 1626450276.3315094,
            "time_cost": 0.9915010929107666
        },
        {
            "epoch": 17,
            "sample": 100,
            "lr": 0.000125,
            "loss": 0.4610964171588421,
            "acc": 0.96,
            "time": 1.0194408893585205,
            "time_start": 1626450291.5808043,
            "time_finish": 1626450292.6002452,
            "time_cost": 1.0194408893585205
        },
        {
            "epoch": 18,
            "sample": 100,
            "lr": 0.000125,
            "loss": 0.41345543041825294,
            "acc": 0.98,
            "time": 1.092099905014038,
            "time_start": 1626450308.0352883,
            "time_finish": 1626450309.1273882,