{
    "info": {
        "device": "cuda",
        "epoch": 20,
        "dataset": "stl10",
        "data_path": "/host/ubuntu/torch",
        "bs": 32,
        "root_path": "/host/ubuntu/torch",
        "arch": "wide_resnet50_2",
        "lr": 0.001,
        "lr_scheduler": "step",
        "lr_step": 5,
        "lr_gamma": 0.5,
        "lr_scale": 0.1,
        "limit_train": 400,
        "limit_test": 0,
        "stats_fp": "./logs/massA/stats_210716_101754.json",
        "lineareval": true,
        "earlystop_epoch": 5,
        "pretrained": true,
        "note": "",
        "opt": "adamw",
        "fc": [
            512,
            128,
            32
        ],
        "image_size": 224
    },
    "telem": {
        "hardware": "1x3090",
        "sample_count_train": 400,
        "sample_count_val": 8000,
        "completed": false,
        "time_stamp": "210716_101754",
        "time_start": 1626430691.6117985,
        "time_finish": 1626431020.0209544,
        "time_elapsed": 328.4091558456421,
        "time_updated": 1626431020.020962,
        "bs": null,
        "mode": "lineareval"
    },
    "results": {
        "epochs": 19,
        "epoch.time": 16.177815628051757,
        "epoch.sample_time": 0.0,
        "train.time": 1.5024194478988648,
        "val.time": 14.675396180152893,
        "train.sample_time": 0.003756048619747162,
        "val.sample_time": 0.0018344245225191116,
        "train.acc": 0.995,
        "train.loss": 9.999,
        "val.acc": 0.928375,
        "val.loss": 9.999
    },
    "train": [
        {
            "epoch": 0,
            "sample": 400,
            "lr": 0.0010000000000000005,
            "loss": 2.002659788498512,
            "acc": 0.3125,
            "time": 1.352952003479004,
            "time_start": 1626430691.6117985,
            "time_finish": 1626430692.9647505,
            "time_cost": 1.352952003479004
        },
        {
            "epoch": 1,
            "sample": 400,
            "lr": 0.0010000000000000005,
            "loss": 1.0101331449471986,
            "acc": 0.7275,
            "time": 1.5333304405212402,
            "time_start": 1626430707.8488643,
            "time_finish": 1626430709.3821948,
            "time_cost": 1.5333304405212402
        },
        {
            "epoch": 2,
            "sample": 400,
            "lr": 0.0010000000000000005,
            "loss": 0.4819473486680251,
            "acc": 0.8725,
            "time": 1.539149522781372,
            "time_start": 1626430724.258421,
            "time_finish": 1626430725.7975705,
            "time_cost": 1.539149522781372
        },
        {
            "epoch": 3,
            "sample": 400,
            "lr": 0.0010000000000000005,
            "loss": 0.3788499029783102,
            "acc": 0.88,
            "time": 1.48610520362854,
            "time_start": 1626430740.6672316,
            "time_finish": 1626430742.1533368,
            "time_cost": 1.48610520362854
        },
        {
            "epoch": 4,
            "sample": 400,
            "lr": 0.0010000000000000005,
            "loss": 0.27781517803668976,
            "acc": 0.9225,
            "time": 1.5323145389556885,
            "time_start": 1626430757.0746715,
            "time_finish": 1626430758.606986,
            "time_cost": 1.5323145389556885
        },
        {
            "epoch": 5,
            "sample": 400,
            "lr": 0.0005000000000000002,
            "loss": 0.2088942014827178,
            "acc": 0.9375,
            "time": 1.501152753829956,
            "time_start": 1626430773.6947248,
            "time_finish": 1626430775.1958776,
            "time_cost": 1.501152753829956
        },
        {
            "epoch": 6,
            "sample": 400,
            "lr": 0.0005000000000000002,
            "loss": 0.1257537606243904,
            "acc": 0.97,
            "time": 1.488868236541748,
            "time_start": 1626430790.700927,
            "time_finish": 1626430792.1897953,
            "time_cost": 1.488868236541748
        },
        {
            "epoch": 7,
            "sample": 400,
            "lr": 0.0005000000000000002,
            "loss": 0.14200764034803098,
            "acc": 0.94,
            "time": 1.5440518856048584,
            "time_start": 1626430807.6106904,
            "time_finish": 1626430809.1547422,
            "time_cost": 1.5440518856048584
        },
        {
            "epoch": 8,
            "sample": 400,
            "lr": 0.0005000000000000002,
            "loss": 0.12269893517861,
            "acc": 0.96,
            "time": 1.6153533458709717,
            "time_start": 1626430824.0014267,
            "time_finish": 1626430825.61678,
            "time_cost": 1.6153533458709717
        },
        {
            "epoch": 9,
            "sample": 400,
            "lr": 0.0005000000000000002,
            "loss": 0.07419880723150876,
            "acc": 0.9825,
            "time": 1.5401363372802734,
            "time_start": 1626430840.648534,
            "time_finish": 1626430842.1886704,
            "time_cost": 1.5401363372802734
        },
        {
            "epoch": 10,
            "sample": 400,
            "lr": 0.0002500000000000001,
            "loss": 0.10894011068516053,
            "acc": 0.97,
            "time": 1.4805083274841309,
            "time_start": 1626430857.1534503,
            "time_finish": 1626430858.6339586,
            "time_cost": 1.4805083274841309
        },
        {
            "epoch": 11,
            "sample": 400,
            "lr": 0.0002500000000000001,
            "loss": 0.08877762937201904,
            "acc": 0.9725,
            "time": 1.5443029403686523,
            "time_start": 1626430873.5459414,
            "time_finish": 1626430875.0902443,
            "time_cost": 1.5443029403686523
        },
        {
            "epoch": 12,
            "sample": 400,
            "lr": 0.0002500000000000001,
            "loss": 0.04473687242716551,
            "acc": 0.9925,
            "time": 1.5185003280639648,
            "time_start": 1626430890.1720567,
            "time_finish": 1626430891.690557,
            "time_cost": 1.5185003280639648
        },
        {
            "epoch": 13,
            "sample": 400,
            "lr": 0.0002500000000000001,
            "loss": 0.08210171200335026,
            "acc": 0.9775,
            "time": 1.5183358192443848,
            "time_start": 1626430906.6120236,
            "time_finish": 1626430908.1303594,
            "time_cost": 1.5183358192443848
        },
        {
            "epoch": 14,
            "sample": 400,
            "lr": 0.0002500000000000001,
            "loss": 0.08711147122085094,
            "acc": 0.9775,
            "time": 1.544339656829834,
            "time_start": 1626430923.0337222,
            "time_finish": 1626430924.5780618,
            "time_cost": 1.544339656829834
        },
        {
            "epoch": 15,
            "sample": 400,
            "lr": 0.00012500000000000006,
            "loss": 0.06122750745942959,
            "acc": 0.9875,
            "time": 1.5936298370361328,
            "time_start": 1626430939.4768217,
            "time_finish": 1626430941.0704515,
            "time_cost": 1.5936298370361328
        },
        {
            "epoch": 16,
            "sample": 400,
            "lr": 0.00012500000000000006,
            "loss": 0.05171103270437855,
            "acc": 0.9875,
            "time": 1.5461809635162354,
            "time_start": 1626430956.0354497,
            "time_finish": 1626430957.5816307,
            "time_cost": 1.5461809635162354
        },
        {
            "epoch": 17,
            "sample": 400,
            "lr": 0.00012500000000000006,
            "loss": 0.04298849511318482,
            "acc": 0.9925,
            "time": 1.38828444480896,
            "time_start": 1626430972.2385306,
            "time_finish": 1626430973.626815,
            "time_cost": 1.38828444480896
        },
        {
            "epoch": 18,