{
    "info": {
        "device": "cuda",
        "epoch": 20,
        "dataset": "stl10",
        "data_path": "/host/ubuntu/torch",
        "bs": 32,
        "root_path": "/host/ubuntu/torch",
        "arch": "swin_large_patch4_window12_384_22k",
        "lr": 0.001,
        "lr_scheduler": "step",
        "lr_step": 5,
        "lr_gamma": 0.5,
        "lr_scale": 0.1,
        "limit_train": 800,
        "limit_test": 0,
        "stats_fp": "./logs/massA/stats_210716_063010.json",
        "lineareval": true,
        "earlystop_epoch": 5,
        "pretrained": true,
        "note": "",
        "opt": "adamw",
        "fc": [
            512,
            128,
            32
        ],
        "image_size": 384
    },
    "telem": {
        "hardware": "1x3090",
        "sample_count_train": 800,
        "sample_count_val": 8000,
        "completed": false,
        "time_stamp": "210716_063010",
        "time_start": 1626417027.5288146,
        "time_finish": 1626418895.1767101,
        "time_elapsed": 1867.6478955745697,
        "time_updated": 1626418895.1767166,
        "bs": null,
        "mode": "lineareval"
    },
    "results": {
        "epochs": 13,
        "epoch.time": 133.14530096735274,
        "epoch.sample_time": 0.0,
        "train.time": 13.005385654313224,
        "val.time": 120.13991531303951,
        "train.sample_time": 0.016256732067891532,
        "val.sample_time": 0.015017489414129939,
        "train.acc": 1.0,
        "train.loss": 9.999,
        "val.acc": 0.996625,
        "val.loss": 9.999
    },
    "train": [
        {
            "epoch": 0,
            "sample": 800,
            "lr": 0.001,
            "loss": 1.0560748283565045,
            "acc": 0.77125,
            "time": 16.627565383911133,
            "time_start": 1626417027.5288146,
            "time_finish": 1626417044.15638,
            "time_cost": 16.627565383911133
        },
        {
            "epoch": 1,
            "sample": 800,
            "lr": 0.001,
            "loss": 0.009212562654283829,
            "acc": 0.99875,
            "time": 12.740080833435059,
            "time_start": 1626417163.8835404,
            "time_finish": 1626417176.6236212,
            "time_cost": 12.740080833435059
        },
        {
            "epoch": 2,
            "sample": 800,
            "lr": 0.001,
            "loss": 0.01603099176543765,
            "acc": 0.99625,
            "time": 12.787891864776611,
            "time_start": 1626417296.5626457,
            "time_finish": 1626417309.3505375,
            "time_cost": 12.787891864776611
        },
        {
            "epoch": 3,
            "sample": 800,
            "lr": 0.001,
            "loss": 0.0005785316205583513,
            "acc": 1.0,
            "time": 12.74745512008667,
            "time_start": 1626417429.1639516,
            "time_finish": 1626417441.9114068,
            "time_cost": 12.74745512008667
        },
        {
            "epoch": 4,
            "sample": 800,
            "lr": 0.001,
            "loss": 0.0001581691136379959,
            "acc": 1.0,
            "time": 12.741838455200195,
            "time_start": 1626417561.5598688,
            "time_finish": 1626417574.3017073,
            "time_cost": 12.741838455200195
        },
        {
            "epoch": 5,
            "sample": 800,
            "lr": 0.0005,
            "loss": 0.00015346322215918916,
            "acc": 1.0,
            "time": 12.72269344329834,
            "time_start": 1626417694.1564484,
            "time_finish": 1626417706.8791418,
            "time_cost": 12.72269344329834
        },
        {
            "epoch": 6,
            "sample": 800,
            "lr": 0.0005,
            "loss": 0.00019453620800049975,
            "acc": 1.0,
            "time": 12.708394527435303,
            "time_start": 1626417826.656494,
            "time_finish": 1626417839.3648884,
            "time_cost": 12.708394527435303
        },
        {
            "epoch": 7,
            "sample": 800,
            "lr": 0.0005,
            "loss": 0.0005786417045237613,
            "acc": 1.0,
            "time": 12.70317530632019,
            "time_start": 1626417959.1209586,
            "time_finish": 1626417971.8241339,
            "time_cost": 12.70317530632019
        },
        {
            "epoch": 8,
            "sample": 800,
            "lr": 0.0005,
            "loss": 0.0005677526847648551,
            "acc": 1.0,
            "time": 12.670583724975586,
            "time_start": 1626418091.5311096,
            "time_finish": 1626418104.2016933,
            "time_cost": 12.670583724975586
        },
        {
            "epoch": 9,
            "sample": 800,
            "lr": 0.0005,
            "loss": 8.679939823196037e-05,
            "acc": 1.0,
            "time": 12.764246702194214,
            "time_start": 1626418223.8478057,
            "time_finish": 1626418236.6120524,
            "time_cost": 12.764246702194214
        },
        {
            "epoch": 10,
            "sample": 800,
            "lr": 0.00025,
            "loss": 9.773043635505018e-05,
            "acc": 1.0,
            "time": 12.688921689987183,
            "time_start": 1626418356.3029764,
            "time_finish": 1626418368.991898,
            "time_cost": 12.688921689987183
        },
        {
            "epoch": 11,
            "sample": 800,
            "lr": 0.00025,
            "loss": 6.81802690087352e-05,
            "acc": 1.0,
            "time": 12.737552881240845,
            "time_start": 1626418488.7531614,
            "time_finish": 1626418501.4907143,
            "time_cost": 12.737552881240845
        },
        {
            "epoch": 12,
            "sample": 800,
            "lr": 0.00025,
            "loss": 0.00010200146982242587,
            "acc": 1.0,
            "time": 12.693450450897217,
            "time_start": 1626418621.2031424,
            "time_finish": 1626418633.8965929,
            "time_cost": 12.693450450897217
        },
        {
            "epoch": 13,
            "sample": 800,
            "lr": 0.00025,
            "loss": 7.280336438270752e-05,
            "acc": 1.0,
            "time": 12.741548776626587,
            "time_start": 1626418753.6265206,
            "time_finish": 1626418766.3680694,
            "time_cost": 12.741548776626587
        }
    ],
    "val": [
        {
            "epoch": 0,
            "sample": 8000,
            "lr": 0.0,
            "loss": 0.04413931921869516,
            "acc": 0.99575,
            "time": 119.5021300315857,
            "time_start": 1626417044.2532523,
            "time_finish": 1626417163.7553823,
            "time_cost": 119.5021300315857
        },
        {
            "epoch": 1,
            "sample": 8000,
            "lr": 0.0,
            "loss": 0.021941298517631366,
            "acc": 0.995375,
            "time": 119.6704113483429,
            "time_start": 1626417176.7590022,
            "time_finish": 1626417296.4294136,
            "time_cost": 119.6704113483429
        },
        {
            "epoch": 2,
            "sample": 8000,
            "lr": 0.0,
            "loss": 0.041332101054722445,
            "acc": 0.991125,
            "time": 119.5685019493103,
            "time_start": 1626417309.4743414,
            "time_finish": 1626417429.0428433,
            "time_cost": 119.5685019493103
        },
        {
            "epoch": 3,
            "sample": 8000,
            "lr": 0.0,
            "loss": 0.018602236165781504,
            "acc": 0.996625,
            "time": 119.40954232215881,
            "time_start": 1626417442.033307,
            "time_finish": 1626417561.4428494,
            "time_cost": 119.40954232215881
        },
        {
            "epoch": 4,
            "sample": 8000,
            "lr": 0.0,
            "loss": 0.02106536511145532,
            "acc": 0.996125,
            "time": 119.50887250900269,
            "time_start": 1626417574.5297995,