{
    "info": {
        "device": "cuda",
        "epoch": 20,
        "dataset": "stl10",
        "data_path": "/host/ubuntu/torch",
        "bs": 32,
        "root_path": "/host/ubuntu/torch",
        "arch": "swin_base_patch4_window7_224",
        "lr": 0.001,
        "lr_scheduler": "step",
        "lr_step": 5,
        "lr_gamma": 0.5,
        "lr_scale": 0.1,
        "limit_train": 200,
        "limit_test": 0,
        "stats_fp": "./logs/massA/stats_210716_103653.json",
        "lineareval": true,
        "earlystop_epoch": 5,
        "pretrained": true,
        "note": "",
        "opt": "adamw",
        "fc": [
            512,
            128,
            32
        ],
        "image_size": 224
    },
    "telem": {
        "hardware": "1x3090",
        "sample_count_train": 200,
        "sample_count_val": 8000,
        "completed": false,
        "time_stamp": "210716_103653",
        "time_start": 1626431827.8383174,
        "time_finish": 1626432365.2329671,
        "time_elapsed": 537.3946497440338,
        "time_updated": 1626432365.2329733,
        "bs": null,
        "mode": "lineareval"
    },
    "results": {
        "epochs": 19,
        "epoch.time": 26.648947310447692,
        "epoch.sample_time": 0.0,
        "train.time": 1.5510512828826903,
        "val.time": 25.097896027565003,
        "train.sample_time": 0.007755256414413452,
        "val.sample_time": 0.0031372370034456255,
        "train.acc": 1.0,
        "train.loss": 9.999,
        "val.acc": 0.967375,
        "val.loss": 9.999
    },
    "train": [
        {
            "epoch": 0,
            "sample": 200,
            "lr": 0.001,
            "loss": 2.226229667663574,
            "acc": 0.535,
            "time": 5.233288764953613,
            "time_start": 1626431827.8383174,
            "time_finish": 1626431833.0716062,
            "time_cost": 5.233288764953613
        },
        {
            "epoch": 1,
            "sample": 200,
            "lr": 0.001,
            "loss": 1.6645242827279227,
            "acc": 0.865,
            "time": 1.424177885055542,
            "time_start": 1626431858.3427684,
            "time_finish": 1626431859.7669463,
            "time_cost": 1.424177885055542
        },
        {
            "epoch": 2,
            "sample": 200,
            "lr": 0.001,
            "loss": 0.6646019305501666,
            "acc": 0.86,
            "time": 1.3523023128509521,
            "time_start": 1626431885.1283548,
            "time_finish": 1626431886.480657,
            "time_cost": 1.3523023128509521
        },
        {
            "epoch": 3,
            "sample": 200,
            "lr": 0.001,
            "loss": 0.17803616396018437,
            "acc": 0.955,
            "time": 1.3489408493041992,
            "time_start": 1626431911.7953014,
            "time_finish": 1626431913.1442423,
            "time_cost": 1.3489408493041992
        },
        {
            "epoch": 4,
            "sample": 200,
            "lr": 0.001,
            "loss": 0.03563586835350309,
            "acc": 1.0,
            "time": 1.4148671627044678,
            "time_start": 1626431938.2941415,
            "time_finish": 1626431939.7090087,
            "time_cost": 1.4148671627044678
        },
        {
            "epoch": 5,
            "sample": 200,
            "lr": 0.0005,
            "loss": 0.01620323136116245,
            "acc": 1.0,
            "time": 1.3750452995300293,
            "time_start": 1626431965.1496906,
            "time_finish": 1626431966.524736,
            "time_cost": 1.3750452995300293
        },
        {
            "epoch": 6,
            "sample": 200,
            "lr": 0.0005,
            "loss": 0.016852677666715214,
            "acc": 0.995,
            "time": 1.326645851135254,
            "time_start": 1626431991.850937,
            "time_finish": 1626431993.1775827,
            "time_cost": 1.326645851135254
        },
        {
            "epoch": 7,
            "sample": 200,
            "lr": 0.0005,
            "loss": 0.00830175930501095,
            "acc": 1.0,
            "time": 1.3292756080627441,
            "time_start": 1626432018.5478516,
            "time_finish": 1626432019.8771272,
            "time_cost": 1.3292756080627441
        },
        {
            "epoch": 8,
            "sample": 200,
            "lr": 0.0005,
            "loss": 0.007981346970024918,
            "acc": 0.995,
            "time": 1.3356916904449463,
            "time_start": 1626432045.236568,
            "time_finish": 1626432046.5722597,
            "time_cost": 1.3356916904449463
        },
        {
            "epoch": 9,
            "sample": 200,
            "lr": 0.0005,
            "loss": 0.02934221552485334,
            "acc": 0.99,
            "time": 1.3858401775360107,
            "time_start": 1626432071.9291482,
            "time_finish": 1626432073.3149884,
            "time_cost": 1.3858401775360107
        },
        {
            "epoch": 10,
            "sample": 200,
            "lr": 0.00025,
            "loss": 0.011863165268940585,
            "acc": 0.995,
            "time": 1.3641111850738525,
            "time_start": 1626432098.6126416,
            "time_finish": 1626432099.9767528,
            "time_cost": 1.3641111850738525
        },
        {
            "epoch": 11,
            "sample": 200,
            "lr": 0.00025,
            "loss": 0.006159130883003984,
            "acc": 1.0,
            "time": 1.3475611209869385,
            "time_start": 1626432125.1904309,
            "time_finish": 1626432126.537992,
            "time_cost": 1.3475611209869385
        },
        {
            "epoch": 12,
            "sample": 200,
            "lr": 0.00025,
            "loss": 0.0029522970019440565,
            "acc": 1.0,
            "time": 1.327890157699585,
            "time_start": 1626432151.7942455,
            "time_finish": 1626432153.1221356,
            "time_cost": 1.327890157699585
        },
        {
            "epoch": 13,
            "sample": 200,
            "lr": 0.00025,
            "loss": 0.004522075677024466,
            "acc": 1.0,
            "time": 1.338881015777588,
            "time_start": 1626432178.4830582,
            "time_finish": 1626432179.8219392,
            "time_cost": 1.338881015777588
        },
        {
            "epoch": 14,
            "sample": 200,
            "lr": 0.00025,
            "loss": 0.0037390206042411073,
            "acc": 1.0,
            "time": 1.33290696144104,
            "time_start": 1626432205.182955,
            "time_finish": 1626432206.515862,
            "time_cost": 1.33290696144104
        },
        {
            "epoch": 15,
            "sample": 200,
            "lr": 0.000125,
            "loss": 0.008256370251599168,
            "acc": 0.995,
            "time": 1.3699512481689453,
            "time_start": 1626432231.8126965,
            "time_finish": 1626432233.1826477,
            "time_cost": 1.3699512481689453
        },
        {
            "epoch": 16,
            "sample": 200,
            "lr": 0.000125,
            "loss": 0.011735747526732407,
            "acc": 0.995,
            "time": 1.3490972518920898,
            "time_start": 1626432258.4826877,
            "time_finish": 1626432259.831785,
            "time_cost": 1.3490972518920898
        },
        {
            "epoch": 17,
            "sample": 200,
            "lr": 0.000125,
            "loss": 0.004891868547669479,
            "acc": 1.0,
            "time": 1.3342945575714111,
            "time_start": 1626432285.024218,
            "time_finish": 1626432286.3585126,
            "time_cost": 1.3342945575714111
        },
        {
            "epoch": 18,
            "sample": 200,
            "lr": 0.000125,
            "loss": 0.002389759012398177,
            "acc": 1.0,
            "time": 1.3135149478912354,
            "time_start": 1626432311.7347338,
            "time_finish": 1626432313.0482488,