{
    "info": {
        "device": "cuda",
        "epoch": 20,
        "dataset": "stl10",
        "data_path": "/host/ubuntu/torch",
        "bs": 32,
        "root_path": "/host/ubuntu/torch",
        "arch": "swin_base_patch4_window7_224",
        "lr": 0.001,
        "lr_scheduler": "step",
        "lr_step": 5,
        "lr_gamma": 0.5,
        "lr_scale": 0.1,
        "limit_train": 0,
        "limit_test": 0,
        "stats_fp": "./logs/massA/stats_210715_213655.json",
        "lineareval": true,
        "earlystop_epoch": 5,
        "pretrained": true,
        "note": "",
        "opt": "adamw",
        "fc": [
            512,
            128,
            32
        ],
        "image_size": 224
    },
    "telem": {
        "hardware": "1x3090",
        "sample_count_train": 5000,
        "sample_count_val": 8000,
        "completed": false,
        "time_stamp": "210715_213655",
        "time_start": 1626385030.098316,
        "time_finish": 1626386476.9221027,
        "time_elapsed": 1446.8237867355347,
        "time_updated": 1626386476.9221091,
        "bs": null,
        "mode": "lineareval"
    },
    "results": {
        "epochs": 19,
        "epoch.time": 72.14053099155426,
        "epoch.sample_time": 0.0,
        "train.time": 27.95649197101593,
        "val.time": 44.18403902053833,
        "train.sample_time": 0.0055912983942031855,
        "val.sample_time": 0.005523004877567291,
        "train.acc": 0.9974,
        "train.loss": 9.999,
        "val.acc": 0.98425,
        "val.loss": 9.999
    },
    "train": [
        {
            "epoch": 0,
            "sample": 5000,
            "lr": 0.0010000000000000002,
            "loss": 0.35015512045745734,
            "acc": 0.9204,
            "time": 33.366262674331665,
            "time_start": 1626385030.098316,
            "time_finish": 1626385063.4645786,
            "time_cost": 33.366262674331665
        },
        {
            "epoch": 1,
            "sample": 5000,
            "lr": 0.0010000000000000002,
            "loss": 0.04900581893699457,
            "acc": 0.9862,
            "time": 28.122545957565308,
            "time_start": 1626385107.7716439,
            "time_finish": 1626385135.8941898,
            "time_cost": 28.122545957565308
        },
        {
            "epoch": 2,
            "sample": 5000,
            "lr": 0.0010000000000000002,
            "loss": 0.06408176782791604,
            "acc": 0.9812,
            "time": 28.295527458190918,
            "time_start": 1626385180.662656,
            "time_finish": 1626385208.9581835,
            "time_cost": 28.295527458190918
        },
        {
            "epoch": 3,
            "sample": 5000,
            "lr": 0.0010000000000000002,
            "loss": 0.04114495110560867,
            "acc": 0.9874,
            "time": 19.5494544506073,
            "time_start": 1626385244.7992535,
            "time_finish": 1626385264.348708,
            "time_cost": 19.5494544506073
        },
        {
            "epoch": 4,
            "sample": 5000,
            "lr": 0.0010000000000000002,
            "loss": 0.029997390138792098,
            "acc": 0.9914,
            "time": 28.090266942977905,
            "time_start": 1626385309.293867,
            "time_finish": 1626385337.384134,
            "time_cost": 28.090266942977905
        },
        {
            "epoch": 5,
            "sample": 5000,
            "lr": 0.0005000000000000001,
            "loss": 0.02372509812234358,
            "acc": 0.9934,
            "time": 28.2225604057312,
            "time_start": 1626385382.4119828,
            "time_finish": 1626385410.6345432,
            "time_cost": 28.2225604057312
        },
        {
            "epoch": 6,
            "sample": 5000,
            "lr": 0.0005000000000000001,
            "loss": 0.027355078500651036,
            "acc": 0.9932,
            "time": 28.110131978988647,
            "time_start": 1626385454.9541726,
            "time_finish": 1626385483.0643046,
            "time_cost": 28.110131978988647
        },
        {
            "epoch": 7,
            "sample": 5000,
            "lr": 0.0005000000000000001,
            "loss": 0.02179563618003714,
            "acc": 0.992,
            "time": 27.98947262763977,
            "time_start": 1626385527.8061297,
            "time_finish": 1626385555.7956023,
            "time_cost": 27.98947262763977
        },
        {
            "epoch": 8,
            "sample": 5000,
            "lr": 0.0005000000000000001,
            "loss": 0.01703978988255232,
            "acc": 0.9948,
            "time": 28.250454425811768,
            "time_start": 1626385600.5377936,
            "time_finish": 1626385628.788248,
            "time_cost": 28.250454425811768
        },
        {
            "epoch": 9,
            "sample": 5000,
            "lr": 0.0005000000000000001,
            "loss": 0.021357022759087154,
            "acc": 0.9926,
            "time": 27.99659276008606,
            "time_start": 1626385673.7722974,
            "time_finish": 1626385701.7688901,
            "time_cost": 27.99659276008606
        },
        {
            "epoch": 10,
            "sample": 5000,
            "lr": 0.00025000000000000006,
            "loss": 0.013170316102355608,
            "acc": 0.9958,
            "time": 28.421324491500854,
            "time_start": 1626385746.9569988,
            "time_finish": 1626385775.3783233,
            "time_cost": 28.421324491500854
        },
        {
            "epoch": 11,
            "sample": 5000,
            "lr": 0.00025000000000000006,
            "loss": 0.011359781982724934,
            "acc": 0.9962,
            "time": 28.11228609085083,
            "time_start": 1626385820.5670981,
            "time_finish": 1626385848.6793842,
            "time_cost": 28.11228609085083
        },
        {
            "epoch": 12,
            "sample": 5000,
            "lr": 0.00025000000000000006,
            "loss": 0.014850194244164488,
            "acc": 0.9944,
            "time": 27.22281002998352,
            "time_start": 1626385893.3898294,
            "time_finish": 1626385920.6126394,
            "time_cost": 27.22281002998352
        },
        {
            "epoch": 13,
            "sample": 5000,
            "lr": 0.00025000000000000006,
            "loss": 0.011565840231356374,
            "acc": 0.9952,
            "time": 28.26502776145935,
            "time_start": 1626385965.5177002,
            "time_finish": 1626385993.782728,
            "time_cost": 28.26502776145935
        },
        {
            "epoch": 14,
            "sample": 5000,
            "lr": 0.00025000000000000006,
            "loss": 0.008657930383280218,
            "acc": 0.9972,
            "time": 28.118141889572144,
            "time_start": 1626386038.423744,
            "time_finish": 1626386066.5418859,
            "time_cost": 28.118141889572144
        },
        {
            "epoch": 15,
            "sample": 5000,
            "lr": 0.00012500000000000003,
            "loss": 0.01335661177888437,
            "acc": 0.9966,
            "time": 28.246445655822754,
            "time_start": 1626386111.4303207,
            "time_finish": 1626386139.6767664,
            "time_cost": 28.246445655822754
        },
        {
            "epoch": 16,
            "sample": 5000,
            "lr": 0.00012500000000000003,
            "loss": 0.011204384715821124,
            "acc": 0.996,
            "time": 28.420276403427124,
            "time_start": 1626386184.5921323,
            "time_finish": 1626386213.0124087,
            "time_cost": 28.420276403427124
        },
        {
            "epoch": 17,
            "sample": 5000,
            "lr": 0.00012500000000000003,
            "loss": 0.00859308260810481,
            "acc": 0.9972,
            "time": 28.14585542678833,
            "time_start": 1626386257.8034716,
            "time_finish": 1626386285.949327,