{
    "info": {
        "device": "cuda",
        "epoch": 20,
        "dataset": "stl10",
        "data_path": "/host/ubuntu/torch",
        "bs": 32,
        "root_path": "/host/ubuntu/torch",
        "arch": "dino_vits16",
        "lr": 0.001,
        "lr_scheduler": "step",
        "lr_step": 5,
        "lr_gamma": 0.5,
        "lr_scale": 0.1,
        "limit_train": 100,
        "limit_test": 0,
        "stats_fp": "./logs/massA/stats_210716_150403.json",
        "lineareval": true,
        "earlystop_epoch": 5,
        "pretrained": true,
        "note": "",
        "opt": "adamw",
        "fc": [
            512,
            128,
            32
        ],
        "image_size": 224
    },
    "telem": {
        "hardware": "1x3090",
        "sample_count_train": 100,
        "sample_count_val": 8000,
        "completed": false,
        "time_stamp": "210716_150403",
        "time_start": 1626447855.5083773,
        "time_finish": 1626448041.1733327,
        "time_elapsed": 185.66495537757874,
        "time_updated": 1626448041.1733496,
        "bs": null,
        "mode": "lineareval"
    },
    "results": {
        "epochs": 15,
        "epoch.time": 11.377876669168472,
        "epoch.sample_time": 0.0,
        "train.time": 1.118588626384735,
        "val.time": 10.259288042783737,
        "train.sample_time": 0.011185886263847351,
        "val.sample_time": 0.001282411005347967,
        "train.acc": 1.0,
        "train.loss": 9.999,
        "val.acc": 0.938125,
        "val.loss": 9.999
    },
    "train": [
        {
            "epoch": 0,
            "sample": 100,
            "lr": 0.001,
            "loss": 2.1384580731391907,
            "acc": 0.32,
            "time": 4.487972974777222,
            "time_start": 1626447855.5083773,
            "time_finish": 1626447859.9963503,
            "time_cost": 4.487972974777222
        },
        {
            "epoch": 1,
            "sample": 100,
            "lr": 0.001,
            "loss": 1.1808111369609833,
            "acc": 0.96,
            "time": 0.8234548568725586,
            "time_start": 1626447870.0573542,
            "time_finish": 1626447870.880809,
            "time_cost": 0.8234548568725586
        },
        {
            "epoch": 2,
            "sample": 100,
            "lr": 0.001,
            "loss": 0.38136639446020126,
            "acc": 0.98,
            "time": 0.8296265602111816,
            "time_start": 1626447880.9528286,
            "time_finish": 1626447881.7824552,
            "time_cost": 0.8296265602111816
        },
        {
            "epoch": 3,
            "sample": 100,
            "lr": 0.001,
            "loss": 0.14253372699022293,
            "acc": 0.99,
            "time": 0.8650846481323242,
            "time_start": 1626447891.921593,
            "time_finish": 1626447892.7866776,
            "time_cost": 0.8650846481323242
        },
        {
            "epoch": 4,
            "sample": 100,
            "lr": 0.001,
            "loss": 0.024874432710930705,
            "acc": 1.0,
            "time": 0.8264760971069336,
            "time_start": 1626447902.937115,
            "time_finish": 1626447903.763591,
            "time_cost": 0.8264760971069336
        },
        {
            "epoch": 5,
            "sample": 100,
            "lr": 0.0005,
            "loss": 0.012220151955261827,
            "acc": 1.0,
            "time": 0.9348678588867188,
            "time_start": 1626447914.0645075,
            "time_finish": 1626447914.9993753,
            "time_cost": 0.9348678588867188
        },
        {
            "epoch": 6,
            "sample": 100,
            "lr": 0.0005,
            "loss": 0.007317690062336624,
            "acc": 1.0,
            "time": 0.9628863334655762,
            "time_start": 1626447925.8847961,
            "time_finish": 1626447926.8476825,
            "time_cost": 0.9628863334655762
        },
        {
            "epoch": 7,
            "sample": 100,
            "lr": 0.0005,
            "loss": 0.003901476025930606,
            "acc": 1.0,
            "time": 0.9520702362060547,
            "time_start": 1626447937.601935,
            "time_finish": 1626447938.5540051,
            "time_cost": 0.9520702362060547
        },
        {
            "epoch": 8,
            "sample": 100,
            "lr": 0.0005,
            "loss": 0.002743216697126627,
            "acc": 1.0,
            "time": 0.861051082611084,
            "time_start": 1626447949.0235963,
            "time_finish": 1626447949.8846474,
            "time_cost": 0.861051082611084
        },
        {
            "epoch": 9,
            "sample": 100,
            "lr": 0.0005,
            "loss": 0.0015234994534694124,
            "acc": 1.0,
            "time": 0.8466405868530273,
            "time_start": 1626447960.4286525,
            "time_finish": 1626447961.275293,
            "time_cost": 0.8466405868530273
        },
        {
            "epoch": 10,
            "sample": 100,
            "lr": 0.00025,
            "loss": 0.001200429724121932,
            "acc": 1.0,
            "time": 0.998558759689331,
            "time_start": 1626447972.1575737,
            "time_finish": 1626447973.1561325,
            "time_cost": 0.998558759689331
        },
        {
            "epoch": 11,
            "sample": 100,
            "lr": 0.00025,
            "loss": 0.0012688965070992708,
            "acc": 1.0,
            "time": 0.8259897232055664,
            "time_start": 1626447983.501913,
            "time_finish": 1626447984.3279028,
            "time_cost": 0.8259897232055664
        },
        {
            "epoch": 12,
            "sample": 100,
            "lr": 0.00025,
            "loss": 0.0012064959446433932,
            "acc": 1.0,
            "time": 0.965381383895874,
            "time_start": 1626447994.9926202,
            "time_finish": 1626447995.9580016,
            "time_cost": 0.965381383895874
        },
        {
            "epoch": 13,
            "sample": 100,
            "lr": 0.00025,
            "loss": 0.0009366595004394185,
            "acc": 1.0,
            "time": 0.821152925491333,
            "time_start": 1626448006.4501874,
            "time_finish": 1626448007.2713404,
            "time_cost": 0.821152925491333
        },
        {
            "epoch": 14,
            "sample": 100,
            "lr": 0.00025,
            "loss": 0.0009453084057895467,
            "acc": 1.0,
            "time": 0.9759466648101807,
            "time_start": 1626448018.194181,
            "time_finish": 1626448019.1701276,
            "time_cost": 0.9759466648101807
        },
        {
            "epoch": 15,
            "sample": 100,
            "lr": 0.000125,
            "loss": 0.0010214994254056364,
            "acc": 1.0,
            "time": 0.9202573299407959,
            "time_start": 1626448029.439491,
            "time_finish": 1626448030.3597484,
            "time_cost": 0.9202573299407959
        }
    ],
    "val": [
        {
            "epoch": 0,
            "sample": 8000,
            "lr": 0.0,
            "loss": 1.7278685665130615,
            "acc": 0.78975,
            "time": 9.864766836166382,
            "time_start": 1626447860.080724,
            "time_finish": 1626447869.9454908,
            "time_cost": 9.864766836166382
        },
        {
            "epoch": 1,
            "sample": 8000,
            "lr": 0.0,
            "loss": 1.0073347723484039,
            "acc": 0.803125,
            "time": 9.859973192214966,
            "time_start": 1626447870.98949,
            "time_finish": 1626447880.8494632,
            "time_cost": 9.859973192214966
        },
        {
            "epoch": 2,
            "sample": 8000,
            "lr": 0.0,
            "loss": 0.6566404091119766,
            "acc": 0.804125,
            "time": 9.919547319412231,
            "time_start": 1626447881.8920403,
            "time_finish": 1626447891.8115876,