{
    "info": {
        "device": "cuda",
        "epoch": 20,
        "dataset": "stl10",
        "data_path": "/host/ubuntu/torch",
        "bs": 32,
        "root_path": "/host/ubuntu/torch",
        "arch": "resnext50_32x4d",
        "lr": 0.001,
        "lr_scheduler": "step",
        "lr_step": 5,
        "lr_gamma": 0.5,
        "lr_scale": 0.1,
        "limit_train": 400,
        "limit_test": 0,
        "stats_fp": "./logs/massA/stats_210716_100334.json",
        "lineareval": true,
        "earlystop_epoch": 5,
        "pretrained": true,
        "note": "",
        "opt": "adamw",
        "fc": [
            512,
            128,
            32
        ],
        "image_size": 224
    },
    "telem": {
        "hardware": "1x3090",
        "sample_count_train": 400,
        "sample_count_val": 8000,
        "completed": false,
        "time_stamp": "210716_100334",
        "time_start": 1626429830.107186,
        "time_finish": 1626430108.966248,
        "time_elapsed": 278.85906195640564,
        "time_updated": 1626430108.9662542,
        "bs": null,
        "mode": "lineareval"
    },
    "results": {
        "epochs": 19,
        "epoch.time": 13.712246978282929,
        "epoch.sample_time": 0.0,
        "train.time": 1.351342463493347,
        "val.time": 12.360904514789581,
        "train.sample_time": 0.0033783561587333675,
        "val.sample_time": 0.0015451130643486977,
        "train.acc": 0.9975,
        "train.loss": 9.999,
        "val.acc": 0.9445,
        "val.loss": 9.999
    },
    "train": [
        {
            "epoch": 0,
            "sample": 400,
            "lr": 0.0010000000000000005,
            "loss": 1.8674471928523138,
            "acc": 0.3925,
            "time": 1.2556943893432617,
            "time_start": 1626429830.107186,
            "time_finish": 1626429831.3628805,
            "time_cost": 1.2556943893432617
        },
        {
            "epoch": 1,
            "sample": 400,
            "lr": 0.0010000000000000005,
            "loss": 0.9186574679154617,
            "acc": 0.75,
            "time": 1.2526471614837646,
            "time_start": 1626429843.8663902,
            "time_finish": 1626429845.1190374,
            "time_cost": 1.2526471614837646
        },
        {
            "epoch": 2,
            "sample": 400,
            "lr": 0.0010000000000000005,
            "loss": 0.4445015501517516,
            "acc": 0.88,
            "time": 1.3203740119934082,
            "time_start": 1626429857.464214,
            "time_finish": 1626429858.784588,
            "time_cost": 1.3203740119934082
        },
        {
            "epoch": 3,
            "sample": 400,
            "lr": 0.0010000000000000005,
            "loss": 0.23973430979710358,
            "acc": 0.9325,
            "time": 1.26810622215271,
            "time_start": 1626429871.143272,
            "time_finish": 1626429872.4113781,
            "time_cost": 1.26810622215271
        },
        {
            "epoch": 4,
            "sample": 400,
            "lr": 0.0010000000000000005,
            "loss": 0.23636545068942583,
            "acc": 0.925,
            "time": 1.2267916202545166,
            "time_start": 1626429884.9832358,
            "time_finish": 1626429886.2100275,
            "time_cost": 1.2267916202545166
        },
        {
            "epoch": 5,
            "sample": 400,
            "lr": 0.0005000000000000002,
            "loss": 0.13442819565534592,
            "acc": 0.965,
            "time": 1.2434611320495605,
            "time_start": 1626429898.6235747,
            "time_finish": 1626429899.8670359,
            "time_cost": 1.2434611320495605
        },
        {
            "epoch": 6,
            "sample": 400,
            "lr": 0.0005000000000000002,
            "loss": 0.08802093379199505,
            "acc": 0.975,
            "time": 1.2827510833740234,
            "time_start": 1626429912.1113448,
            "time_finish": 1626429913.394096,
            "time_cost": 1.2827510833740234
        },
        {
            "epoch": 7,
            "sample": 400,
            "lr": 0.0005000000000000002,
            "loss": 0.08051160393426052,
            "acc": 0.98,
            "time": 1.3065025806427002,
            "time_start": 1626429925.730193,
            "time_finish": 1626429927.0366955,
            "time_cost": 1.3065025806427002
        },
        {
            "epoch": 8,
            "sample": 400,
            "lr": 0.0005000000000000002,
            "loss": 0.08406096560737261,
            "acc": 0.975,
            "time": 1.3573429584503174,
            "time_start": 1626429939.5583096,
            "time_finish": 1626429940.9156525,
            "time_cost": 1.3573429584503174
        },
        {
            "epoch": 9,
            "sample": 400,
            "lr": 0.0005000000000000002,
            "loss": 0.058418821543455124,
            "acc": 0.985,
            "time": 1.4482691287994385,
            "time_start": 1626429953.9298465,
            "time_finish": 1626429955.3781157,
            "time_cost": 1.4482691287994385
        },
        {
            "epoch": 10,
            "sample": 400,
            "lr": 0.0002500000000000001,
            "loss": 0.031920559489383146,
            "acc": 0.9975,
            "time": 1.3394525051116943,
            "time_start": 1626429968.149081,
            "time_finish": 1626429969.4885335,
            "time_cost": 1.3394525051116943
        },
        {
            "epoch": 11,
            "sample": 400,
            "lr": 0.0002500000000000001,
            "loss": 0.06534891643633063,
            "acc": 0.975,
            "time": 1.4223980903625488,
            "time_start": 1626429982.72465,
            "time_finish": 1626429984.147048,
            "time_cost": 1.4223980903625488
        },
        {
            "epoch": 12,
            "sample": 400,
            "lr": 0.0002500000000000001,
            "loss": 0.03607193688647105,
            "acc": 0.995,
            "time": 1.3421523571014404,
            "time_start": 1626429996.563214,
            "time_finish": 1626429997.9053664,
            "time_cost": 1.3421523571014404
        },
        {
            "epoch": 13,
            "sample": 400,
            "lr": 0.0002500000000000001,
            "loss": 0.04021085046518307,
            "acc": 0.99,
            "time": 1.425642728805542,
            "time_start": 1626430010.5862987,
            "time_finish": 1626430012.0119414,
            "time_cost": 1.425642728805542
        },
        {
            "epoch": 14,
            "sample": 400,
            "lr": 0.0002500000000000001,
            "loss": 0.03318279189988971,
            "acc": 0.995,
            "time": 1.3768737316131592,
            "time_start": 1626430025.0091934,
            "time_finish": 1626430026.3860672,
            "time_cost": 1.3768737316131592
        },
        {
            "epoch": 15,
            "sample": 400,
            "lr": 0.00012500000000000006,
            "loss": 0.02721225595674836,
            "acc": 0.9925,
            "time": 1.4079957008361816,
            "time_start": 1626430039.293932,
            "time_finish": 1626430040.7019277,
            "time_cost": 1.4079957008361816
        },
        {
            "epoch": 16,
            "sample": 400,
            "lr": 0.00012500000000000006,
            "loss": 0.04550934504144467,
            "acc": 0.985,
            "time": 1.4477691650390625,
            "time_start": 1626430053.0953956,
            "time_finish": 1626430054.5431647,
            "time_cost": 1.4477691650390625
        },
        {
            "epoch": 17,
            "sample": 400,
            "lr": 0.00012500000000000006,
            "loss": 0.038473885076550335,
            "acc": 0.99,
            "time": 1.4394586086273193,
            "time_start": 1626430066.9245691,
            "time_finish": 1626430068.3640277,
            "time_cost": 1.4394586086273193
        },
        {
            "epoch": 18,