{
    "info": {
        "device": "cuda",
        "epoch": 20,
        "dataset": "stl10",
        "data_path": "/host/ubuntu/torch",
        "bs": 32,
        "root_path": "/host/ubuntu/torch",
        "arch": "swin_base_patch4_window12_384_22k",
        "lr": 0.001,
        "lr_scheduler": "step",
        "lr_step": 5,
        "lr_gamma": 0.5,
        "lr_scale": 0.1,
        "limit_train": 200,
        "limit_test": 0,
        "stats_fp": "./logs/massA/stats_210716_111146.json",
        "lineareval": true,
        "earlystop_epoch": 5,
        "pretrained": true,
        "note": "",
        "opt": "adamw",
        "fc": [
            512,
            128,
            32
        ],
        "image_size": 384
    },
    "telem": {
        "hardware": "1x3090",
        "sample_count_train": 200,
        "sample_count_val": 8000,
        "completed": false,
        "time_stamp": "210716_111146",
        "time_start": 1626433919.937574,
        "time_finish": 1626435438.007442,
        "time_elapsed": 1518.0698680877686,
        "time_updated": 1626435438.0074484,
        "bs": null,
        "mode": "lineareval"
    },
    "results": {
        "epochs": 19,
        "epoch.time": 75.6666050195694,
        "epoch.sample_time": 0.0,
        "train.time": 2.853679895401001,
        "val.time": 72.8129251241684,
        "train.sample_time": 0.014268399477005004,
        "val.sample_time": 0.00910161564052105,
        "train.acc": 1.0,
        "train.loss": 9.999,
        "val.acc": 0.992875,
        "val.loss": 9.999
    },
    "train": [
        {
            "epoch": 0,
            "sample": 200,
            "lr": 0.001,
            "loss": 2.1445872443062917,
            "acc": 0.43,
            "time": 6.406103849411011,
            "time_start": 1626433919.937574,
            "time_finish": 1626433926.3436778,
            "time_cost": 6.406103849411011
        },
        {
            "epoch": 1,
            "sample": 200,
            "lr": 0.001,
            "loss": 1.192449688911438,
            "acc": 0.825,
            "time": 2.6212215423583984,
            "time_start": 1626433999.2453716,
            "time_finish": 1626434001.8665931,
            "time_cost": 2.6212215423583984
        },
        {
            "epoch": 2,
            "sample": 200,
            "lr": 0.001,
            "loss": 0.2356580804501261,
            "acc": 0.98,
            "time": 2.617033004760742,
            "time_start": 1626434074.731883,
            "time_finish": 1626434077.348916,
            "time_cost": 2.617033004760742
        },
        {
            "epoch": 3,
            "sample": 200,
            "lr": 0.001,
            "loss": 0.02127583504521421,
            "acc": 1.0,
            "time": 2.674530029296875,
            "time_start": 1626434150.2397256,
            "time_finish": 1626434152.9142556,
            "time_cost": 2.674530029296875
        },
        {
            "epoch": 4,
            "sample": 200,
            "lr": 0.001,
            "loss": 0.0044670181648273554,
            "acc": 1.0,
            "time": 2.6207187175750732,
            "time_start": 1626434225.8602133,
            "time_finish": 1626434228.480932,
            "time_cost": 2.6207187175750732
        },
        {
            "epoch": 5,
            "sample": 200,
            "lr": 0.0005,
            "loss": 0.0012744705475467657,
            "acc": 1.0,
            "time": 2.669041395187378,
            "time_start": 1626434301.5738468,
            "time_finish": 1626434304.2428882,
            "time_cost": 2.669041395187378
        },
        {
            "epoch": 6,
            "sample": 200,
            "lr": 0.0005,
            "loss": 0.0007759469257767446,
            "acc": 1.0,
            "time": 2.6836180686950684,
            "time_start": 1626434377.6036339,
            "time_finish": 1626434380.287252,
            "time_cost": 2.6836180686950684
        },
        {
            "epoch": 7,
            "sample": 200,
            "lr": 0.0005,
            "loss": 0.0002728168786104236,
            "acc": 1.0,
            "time": 2.6691677570343018,
            "time_start": 1626434453.185719,
            "time_finish": 1626434455.8548868,
            "time_cost": 2.6691677570343018
        },
        {
            "epoch": 8,
            "sample": 200,
            "lr": 0.0005,
            "loss": 0.0002031435360549949,
            "acc": 1.0,
            "time": 2.6639244556427,
            "time_start": 1626434528.7520876,
            "time_finish": 1626434531.416012,
            "time_cost": 2.6639244556427
        },
        {
            "epoch": 9,
            "sample": 200,
            "lr": 0.0005,
            "loss": 0.000164226764484608,
            "acc": 1.0,
            "time": 2.622504472732544,
            "time_start": 1626434604.4013581,
            "time_finish": 1626434607.0238626,
            "time_cost": 2.622504472732544
        },
        {
            "epoch": 10,
            "sample": 200,
            "lr": 0.00025,
            "loss": 0.00020079264036862047,
            "acc": 1.0,
            "time": 2.6703145503997803,
            "time_start": 1626434680.1058693,
            "time_finish": 1626434682.7761838,
            "time_cost": 2.6703145503997803
        },
        {
            "epoch": 11,
            "sample": 200,
            "lr": 0.00025,
            "loss": 0.0001463212824351753,
            "acc": 1.0,
            "time": 2.6277894973754883,
            "time_start": 1626434755.6361618,
            "time_finish": 1626434758.2639513,
            "time_cost": 2.6277894973754883
        },
        {
            "epoch": 12,
            "sample": 200,
            "lr": 0.00025,
            "loss": 0.0001916140058061241,
            "acc": 1.0,
            "time": 2.638902425765991,
            "time_start": 1626434831.598894,
            "time_finish": 1626434834.2377963,
            "time_cost": 2.638902425765991
        },
        {
            "epoch": 13,
            "sample": 200,
            "lr": 0.00025,
            "loss": 0.0002178119944541582,
            "acc": 1.0,
            "time": 2.7071495056152344,
            "time_start": 1626434907.104771,
            "time_finish": 1626434909.8119204,
            "time_cost": 2.7071495056152344
        },
        {
            "epoch": 14,
            "sample": 200,
            "lr": 0.00025,
            "loss": 0.00025152838393946046,
            "acc": 1.0,
            "time": 2.6424548625946045,
            "time_start": 1626434983.0114772,
            "time_finish": 1626434985.653932,
            "time_cost": 2.6424548625946045
        },
        {
            "epoch": 15,
            "sample": 200,
            "lr": 0.000125,
            "loss": 0.0002517332029258666,
            "acc": 1.0,
            "time": 2.71728515625,
            "time_start": 1626435058.7102375,
            "time_finish": 1626435061.4275227,
            "time_cost": 2.71728515625
        },
        {
            "epoch": 16,
            "sample": 200,
            "lr": 0.000125,
            "loss": 0.00018346771165462478,
            "acc": 1.0,
            "time": 2.7431957721710205,
            "time_start": 1626435134.5071344,
            "time_finish": 1626435137.2503302,
            "time_cost": 2.7431957721710205
        },
        {
            "epoch": 17,
            "sample": 200,
            "lr": 0.000125,
            "loss": 0.00010182894402532838,
            "acc": 1.0,
            "time": 2.6863696575164795,
            "time_start": 1626435210.3904722,
            "time_finish": 1626435213.0768418,
            "time_cost": 2.6863696575164795
        },
        {
            "epoch": 18,
            "sample": 200,
            "lr": 0.000125,
            "loss": 0.0001240386851090339,
            "acc": 1.0,
            "time": 2.7176594734191895,
            "time_start": 1626435286.1171234,
            "time_finish": 1626435288.8347828,