{
    "info": {
        "device": "cuda",
        "epoch": 20,
        "dataset": "stl10",
        "data_path": "/host/ubuntu/torch",
        "bs": 32,
        "root_path": "/host/ubuntu/torch",
        "arch": "resnext101_32x8d",
        "lr": 0.001,
        "lr_scheduler": "step",
        "lr_step": 5,
        "lr_gamma": 0.5,
        "lr_scale": 0.1,
        "limit_train": 800,
        "limit_test": 0,
        "stats_fp": "./logs/massA/stats_210716_073934.json",
        "lineareval": true,
        "earlystop_epoch": 5,
        "pretrained": true,
        "note": "",
        "opt": "adamw",
        "fc": [
            512,
            128,
            32
        ],
        "image_size": 224
    },
    "telem": {
        "hardware": "1x3090",
        "sample_count_train": 800,
        "sample_count_val": 8000,
        "completed": false,
        "time_stamp": "210716_073934",
        "time_start": 1626421192.0997195,
        "time_finish": 1626421756.0309129,
        "time_elapsed": 563.9311933517456,
        "time_updated": 1626421756.030924,
        "bs": null,
        "mode": "lineareval"
    },
    "results": {
        "epochs": 19,
        "epoch.time": 27.970816648006437,
        "epoch.sample_time": 0.0,
        "train.time": 3.08550865650177,
        "val.time": 24.885307991504668,
        "train.sample_time": 0.003856885820627213,
        "val.sample_time": 0.0031106634989380836,
        "train.acc": 1.0,
        "train.loss": 9.999,
        "val.acc": 0.972,
        "val.loss": 9.999
    },
    "train": [
        {
            "epoch": 0,
            "sample": 800,
            "lr": 0.001,
            "loss": 1.3451015424728394,
            "acc": 0.59125,
            "time": 3.0465075969696045,
            "time_start": 1626421192.0997195,
            "time_finish": 1626421195.1462271,
            "time_cost": 3.0465075969696045
        },
        {
            "epoch": 1,
            "sample": 800,
            "lr": 0.001,
            "loss": 0.2917576622962952,
            "acc": 0.915,
            "time": 3.0544919967651367,
            "time_start": 1626421220.0896733,
            "time_finish": 1626421223.1441653,
            "time_cost": 3.0544919967651367
        },
        {
            "epoch": 2,
            "sample": 800,
            "lr": 0.001,
            "loss": 0.14421848565340042,
            "acc": 0.96,
            "time": 3.092463731765747,
            "time_start": 1626421248.1610348,
            "time_finish": 1626421251.2534986,
            "time_cost": 3.092463731765747
        },
        {
            "epoch": 3,
            "sample": 800,
            "lr": 0.001,
            "loss": 0.15522839054465293,
            "acc": 0.94375,
            "time": 3.089723587036133,
            "time_start": 1626421276.3096714,
            "time_finish": 1626421279.399395,
            "time_cost": 3.089723587036133
        },
        {
            "epoch": 4,
            "sample": 800,
            "lr": 0.001,
            "loss": 0.057565673291683196,
            "acc": 0.985,
            "time": 3.138645648956299,
            "time_start": 1626421304.4699085,
            "time_finish": 1626421307.6085541,
            "time_cost": 3.138645648956299
        },
        {
            "epoch": 5,
            "sample": 800,
            "lr": 0.0005,
            "loss": 0.027453931565396487,
            "acc": 0.995,
            "time": 3.1239190101623535,
            "time_start": 1626421332.6238449,
            "time_finish": 1626421335.7477639,
            "time_cost": 3.1239190101623535
        },
        {
            "epoch": 6,
            "sample": 800,
            "lr": 0.0005,
            "loss": 0.03663719003088772,
            "acc": 0.99,
            "time": 3.072051525115967,
            "time_start": 1626421360.8728569,
            "time_finish": 1626421363.9449084,
            "time_cost": 3.072051525115967
        },
        {
            "epoch": 7,
            "sample": 800,
            "lr": 0.0005,
            "loss": 0.027340894998051226,
            "acc": 0.99375,
            "time": 3.05307674407959,
            "time_start": 1626421389.100214,
            "time_finish": 1626421392.1532907,
            "time_cost": 3.05307674407959
        },
        {
            "epoch": 8,
            "sample": 800,
            "lr": 0.0005,
            "loss": 0.02555862398352474,
            "acc": 0.995,
            "time": 3.0959908962249756,
            "time_start": 1626421417.1666815,
            "time_finish": 1626421420.2626724,
            "time_cost": 3.0959908962249756
        },
        {
            "epoch": 9,
            "sample": 800,
            "lr": 0.0005,
            "loss": 0.029391684881411494,
            "acc": 0.995,
            "time": 3.111548662185669,
            "time_start": 1626421445.4016376,
            "time_finish": 1626421448.5131862,
            "time_cost": 3.111548662185669
        },
        {
            "epoch": 10,
            "sample": 800,
            "lr": 0.00025,
            "loss": 0.01398234648630023,
            "acc": 0.99625,
            "time": 3.0714948177337646,
            "time_start": 1626421473.6336405,
            "time_finish": 1626421476.7051353,
            "time_cost": 3.0714948177337646
        },
        {
            "epoch": 11,
            "sample": 800,
            "lr": 0.00025,
            "loss": 0.00939480820670724,
            "acc": 0.9975,
            "time": 3.0472519397735596,
            "time_start": 1626421501.7866492,
            "time_finish": 1626421504.8339012,
            "time_cost": 3.0472519397735596
        },
        {
            "epoch": 12,
            "sample": 800,
            "lr": 0.00025,
            "loss": 0.006849743667989969,
            "acc": 1.0,
            "time": 3.0733156204223633,
            "time_start": 1626421529.893937,
            "time_finish": 1626421532.9672527,
            "time_cost": 3.0733156204223633
        },
        {
            "epoch": 13,
            "sample": 800,
            "lr": 0.00025,
            "loss": 0.0040677765710279345,
            "acc": 1.0,
            "time": 3.130106210708618,
            "time_start": 1626421558.126965,
            "time_finish": 1626421561.2570713,
            "time_cost": 3.130106210708618
        },
        {
            "epoch": 14,
            "sample": 800,
            "lr": 0.00025,
            "loss": 0.008808400025591254,
            "acc": 0.9975,
            "time": 3.0643563270568848,
            "time_start": 1626421586.3847342,
            "time_finish": 1626421589.4490905,
            "time_cost": 3.0643563270568848
        },
        {
            "epoch": 15,
            "sample": 800,
            "lr": 0.000125,
            "loss": 0.011538548753596842,
            "acc": 0.99625,
            "time": 3.092742681503296,
            "time_start": 1626421614.5802758,
            "time_finish": 1626421617.6730185,
            "time_cost": 3.092742681503296
        },
        {
            "epoch": 16,
            "sample": 800,
            "lr": 0.000125,
            "loss": 0.005195869696326554,
            "acc": 1.0,
            "time": 3.058567523956299,
            "time_start": 1626421642.7682872,
            "time_finish": 1626421645.8268547,
            "time_cost": 3.058567523956299
        },
        {
            "epoch": 17,
            "sample": 800,
            "lr": 0.000125,
            "loss": 0.021245371880941093,
            "acc": 0.995,
            "time": 3.1797807216644287,
            "time_start": 1626421671.1318011,
            "time_finish": 1626421674.3115819,
            "time_cost": 3.1797807216644287
        },
        {
            "epoch": 18,
            "sample": 800,
            "lr": 0.000125,
            "loss": 0.008200354358996265,
            "acc": 0.9975,
            "time": 3.0488529205322266,
            "time_start": 1626421699.4030445,
            "time_finish": 1626421702.4518974,