{
    "info": {
        "device": "cuda",
        "epoch": 20,
        "dataset": "stl10",
        "data_path": "/host/ubuntu/torch",
        "bs": 32,
        "root_path": "/host/ubuntu/torch",
        "arch": "wide_resnet101_2",
        "lr": 0.001,
        "lr_scheduler": "step",
        "lr_step": 5,
        "lr_gamma": 0.5,
        "lr_scale": 0.1,
        "limit_train": 200,
        "limit_test": 0,
        "stats_fp": "./logs/massA/stats_210716_130940.json",
        "lineareval": true,
        "earlystop_epoch": 5,
        "pretrained": true,
        "note": "",
        "opt": "adamw",
        "fc": [
            512,
            128,
            32
        ],
        "image_size": 224
    },
    "telem": {
        "hardware": "1x3090",
        "sample_count_train": 200,
        "sample_count_val": 8000,
        "completed": false,
        "time_stamp": "210716_130940",
        "time_start": 1626440998.2982173,
        "time_finish": 1626441463.979682,
        "time_elapsed": 465.6814646720886,
        "time_updated": 1626441463.9797106,
        "bs": null,
        "mode": "lineareval"
    },
    "results": {
        "epochs": 19,
        "epoch.time": 23.05684252977371,
        "epoch.sample_time": 0.0,
        "train.time": 1.3106202006340026,
        "val.time": 21.74622232913971,
        "train.sample_time": 0.006553101003170013,
        "val.sample_time": 0.0027182777911424635,
        "train.acc": 1.0,
        "train.loss": 9.999,
        "val.acc": 0.918,
        "val.loss": 9.999
    },
    "train": [
        {
            "epoch": 0,
            "sample": 200,
            "lr": 0.001,
            "loss": 2.2268028259277344,
            "acc": 0.175,
            "time": 1.2447690963745117,
            "time_start": 1626440998.2982173,
            "time_finish": 1626440999.5429864,
            "time_cost": 1.2447690963745117
        },
        {
            "epoch": 1,
            "sample": 200,
            "lr": 0.001,
            "loss": 1.733619213104248,
            "acc": 0.495,
            "time": 1.2634577751159668,
            "time_start": 1626441020.8957853,
            "time_finish": 1626441022.159243,
            "time_cost": 1.2634577751159668
        },
        {
            "epoch": 2,
            "sample": 200,
            "lr": 0.001,
            "loss": 1.1498895372663225,
            "acc": 0.695,
            "time": 1.2140872478485107,
            "time_start": 1626441043.5848472,
            "time_finish": 1626441044.7989345,
            "time_cost": 1.2140872478485107
        },
        {
            "epoch": 3,
            "sample": 200,
            "lr": 0.001,
            "loss": 0.7574935342584338,
            "acc": 0.845,
            "time": 1.2965397834777832,
            "time_start": 1626441066.3393993,
            "time_finish": 1626441067.6359391,
            "time_cost": 1.2965397834777832
        },
        {
            "epoch": 4,
            "sample": 200,
            "lr": 0.001,
            "loss": 0.886323767048972,
            "acc": 0.77,
            "time": 1.2285637855529785,
            "time_start": 1626441089.1744738,
            "time_finish": 1626441090.4030375,
            "time_cost": 1.2285637855529785
        },
        {
            "epoch": 5,
            "sample": 200,
            "lr": 0.0005,
            "loss": 0.5172992391245705,
            "acc": 0.87,
            "time": 1.2703115940093994,
            "time_start": 1626441111.9443083,
            "time_finish": 1626441113.2146199,
            "time_cost": 1.2703115940093994
        },
        {
            "epoch": 6,
            "sample": 200,
            "lr": 0.0005,
            "loss": 0.5211092105933598,
            "acc": 0.925,
            "time": 1.2550253868103027,
            "time_start": 1626441134.5391827,
            "time_finish": 1626441135.794208,
            "time_cost": 1.2550253868103027
        },
        {
            "epoch": 7,
            "sample": 200,
            "lr": 0.0005,
            "loss": 0.312206181032317,
            "acc": 0.925,
            "time": 1.232069969177246,
            "time_start": 1626441157.0691407,
            "time_finish": 1626441158.3012106,
            "time_cost": 1.232069969177246
        },
        {
            "epoch": 8,
            "sample": 200,
            "lr": 0.0005,
            "loss": 0.31259070549692425,
            "acc": 0.925,
            "time": 1.2274212837219238,
            "time_start": 1626441179.6161094,
            "time_finish": 1626441180.8435307,
            "time_cost": 1.2274212837219238
        },
        {
            "epoch": 9,
            "sample": 200,
            "lr": 0.0005,
            "loss": 0.17222102092845099,
            "acc": 0.97,
            "time": 1.3475911617279053,
            "time_start": 1626441203.0147843,
            "time_finish": 1626441204.3623755,
            "time_cost": 1.3475911617279053
        },
        {
            "epoch": 10,
            "sample": 200,
            "lr": 0.00025,
            "loss": 0.17038385782923018,
            "acc": 0.975,
            "time": 1.3998198509216309,
            "time_start": 1626441226.7103312,
            "time_finish": 1626441228.110151,
            "time_cost": 1.3998198509216309
        },
        {
            "epoch": 11,
            "sample": 200,
            "lr": 0.00025,
            "loss": 0.2889336326292583,
            "acc": 0.955,
            "time": 1.3491389751434326,
            "time_start": 1626441250.533211,
            "time_finish": 1626441251.88235,
            "time_cost": 1.3491389751434326
        },
        {
            "epoch": 12,
            "sample": 200,
            "lr": 0.00025,
            "loss": 0.10678618720599584,
            "acc": 1.0,
            "time": 1.3488595485687256,
            "time_start": 1626441274.1536355,
            "time_finish": 1626441275.502495,
            "time_cost": 1.3488595485687256
        },
        {
            "epoch": 13,
            "sample": 200,
            "lr": 0.00025,
            "loss": 0.1978558674454689,
            "acc": 0.97,
            "time": 1.2406089305877686,
            "time_start": 1626441297.3809745,
            "time_finish": 1626441298.6215835,
            "time_cost": 1.2406089305877686
        },
        {
            "epoch": 14,
            "sample": 200,
            "lr": 0.00025,
            "loss": 0.13591476316962922,
            "acc": 0.99,
            "time": 1.360719919204712,
            "time_start": 1626441320.872215,
            "time_finish": 1626441322.232935,
            "time_cost": 1.360719919204712
        },
        {
            "epoch": 15,
            "sample": 200,
            "lr": 0.000125,
            "loss": 0.1278604923614434,
            "acc": 0.97,
            "time": 1.3931858539581299,
            "time_start": 1626441344.688666,
            "time_finish": 1626441346.081852,
            "time_cost": 1.3931858539581299
        },
        {
            "epoch": 16,
            "sample": 200,
            "lr": 0.000125,
            "loss": 0.15378345442669733,
            "acc": 0.97,
            "time": 1.4009454250335693,
            "time_start": 1626441368.518409,
            "time_finish": 1626441369.9193544,
            "time_cost": 1.4009454250335693
        },
        {
            "epoch": 17,
            "sample": 200,
            "lr": 0.000125,
            "loss": 0.14939291030168533,
            "acc": 0.97,
            "time": 1.3509232997894287,
            "time_start": 1626441392.3167512,
            "time_finish": 1626441393.6676745,
            "time_cost": 1.3509232997894287
        },
        {
            "epoch": 18,
            "sample": 200,
            "lr": 0.000125,
            "loss": 0.08464352414011955,
            "acc": 0.995,
            "time": 1.396820306777954,
            "time_start": 1626441416.1406777,
            "time_finish": 1626441417.537498,