{
    "info": {
        "device": "cuda",
        "epoch": 20,
        "dataset": "stl10",
        "data_path": "/host/ubuntu/torch",
        "bs": 32,
        "root_path": "/host/ubuntu/torch",
        "arch": "swin_tiny_patch4_window7_224",
        "lr": 0.001,
        "lr_scheduler": "step",
        "lr_step": 5,
        "lr_gamma": 0.5,
        "lr_scale": 0.1,
        "limit_train": 0,
        "limit_test": 0,
        "stats_fp": "./logs/massA/stats_210715_212442.json",
        "lineareval": true,
        "earlystop_epoch": 5,
        "pretrained": true,
        "note": "",
        "opt": "adamw",
        "fc": [
            512,
            128,
            32
        ],
        "image_size": 224
    },
    "telem": {
        "hardware": "1x3090",
        "sample_count_train": 5000,
        "sample_count_val": 8000,
        "completed": false,
        "time_stamp": "210715_212442",
        "time_start": 1626384296.0917358,
        "time_finish": 1626385012.7476015,
        "time_elapsed": 716.6558656692505,
        "time_updated": 1626385012.747613,
        "bs": null,
        "mode": "lineareval"
    },
    "results": {
        "epochs": 19,
        "epoch.time": 35.627023899555205,
        "epoch.sample_time": 0.0,
        "train.time": 14.022722244262695,
        "val.time": 21.60430165529251,
        "train.sample_time": 0.002804544448852539,
        "val.sample_time": 0.002700537706911564,
        "train.acc": 0.9968,
        "train.loss": 9.999,
        "val.acc": 0.97775,
        "val.loss": 9.999
    },
    "train": [
        {
            "epoch": 0,
            "sample": 5000,
            "lr": 0.0010000000000000002,
            "loss": 0.35740066965994466,
            "acc": 0.9286,
            "time": 18.844449043273926,
            "time_start": 1626384296.0917358,
            "time_finish": 1626384314.936185,
            "time_cost": 18.844449043273926
        },
        {
            "epoch": 1,
            "sample": 5000,
            "lr": 0.0010000000000000002,
            "loss": 0.07679425292369571,
            "acc": 0.9748,
            "time": 13.659823656082153,
            "time_start": 1626384336.504722,
            "time_finish": 1626384350.1645458,
            "time_cost": 13.659823656082153
        },
        {
            "epoch": 2,
            "sample": 5000,
            "lr": 0.0010000000000000002,
            "loss": 0.06675533463312372,
            "acc": 0.979,
            "time": 13.543652534484863,
            "time_start": 1626384371.9569988,
            "time_finish": 1626384385.5006514,
            "time_cost": 13.543652534484863
        },
        {
            "epoch": 3,
            "sample": 5000,
            "lr": 0.0010000000000000002,
            "loss": 0.05207234507746947,
            "acc": 0.9846,
            "time": 13.81664252281189,
            "time_start": 1626384407.2336679,
            "time_finish": 1626384421.0503104,
            "time_cost": 13.81664252281189
        },
        {
            "epoch": 4,
            "sample": 5000,
            "lr": 0.0010000000000000002,
            "loss": 0.05462217165059321,
            "acc": 0.983,
            "time": 13.433680534362793,
            "time_start": 1626384442.3204098,
            "time_finish": 1626384455.7540903,
            "time_cost": 13.433680534362793
        },
        {
            "epoch": 5,
            "sample": 5000,
            "lr": 0.0005000000000000001,
            "loss": 0.037424825786636653,
            "acc": 0.9892,
            "time": 13.874202251434326,
            "time_start": 1626384476.787634,
            "time_finish": 1626384490.6618361,
            "time_cost": 13.874202251434326
        },
        {
            "epoch": 6,
            "sample": 5000,
            "lr": 0.0005000000000000001,
            "loss": 0.03352937715973002,
            "acc": 0.99,
            "time": 13.763259172439575,
            "time_start": 1626384512.3000574,
            "time_finish": 1626384526.0633166,
            "time_cost": 13.763259172439575
        },
        {
            "epoch": 7,
            "sample": 5000,
            "lr": 0.0005000000000000001,
            "loss": 0.030433401931633366,
            "acc": 0.9906,
            "time": 13.692333698272705,
            "time_start": 1626384547.6741874,
            "time_finish": 1626384561.3665211,
            "time_cost": 13.692333698272705
        },
        {
            "epoch": 8,
            "sample": 5000,
            "lr": 0.0005000000000000001,
            "loss": 0.029343453996794767,
            "acc": 0.9896,
            "time": 13.725703001022339,
            "time_start": 1626384583.2906206,
            "time_finish": 1626384597.0163236,
            "time_cost": 13.725703001022339
        },
        {
            "epoch": 9,
            "sample": 5000,
            "lr": 0.0005000000000000001,
            "loss": 0.022756841674746068,
            "acc": 0.993,
            "time": 13.680969476699829,
            "time_start": 1626384618.7703583,
            "time_finish": 1626384632.4513278,
            "time_cost": 13.680969476699829
        },
        {
            "epoch": 10,
            "sample": 5000,
            "lr": 0.00025000000000000006,
            "loss": 0.019180104813177383,
            "acc": 0.9924,
            "time": 13.878762245178223,
            "time_start": 1626384654.3439946,
            "time_finish": 1626384668.2227569,
            "time_cost": 13.878762245178223
        },
        {
            "epoch": 11,
            "sample": 5000,
            "lr": 0.00025000000000000006,
            "loss": 0.01736908066343215,
            "acc": 0.995,
            "time": 13.646802186965942,
            "time_start": 1626384689.946416,
            "time_finish": 1626384703.593218,
            "time_cost": 13.646802186965942
        },
        {
            "epoch": 12,
            "sample": 5000,
            "lr": 0.00025000000000000006,
            "loss": 0.016030609785470887,
            "acc": 0.9936,
            "time": 13.65828800201416,
            "time_start": 1626384725.0800123,
            "time_finish": 1626384738.7383003,
            "time_cost": 13.65828800201416
        },
        {
            "epoch": 13,
            "sample": 5000,
            "lr": 0.00025000000000000006,
            "loss": 0.0191318149533168,
            "acc": 0.9928,
            "time": 13.660984992980957,
            "time_start": 1626384760.5837517,
            "time_finish": 1626384774.2447367,
            "time_cost": 13.660984992980957
        },
        {
            "epoch": 14,
            "sample": 5000,
            "lr": 0.00025000000000000006,
            "loss": 0.016165643723351348,
            "acc": 0.9946,
            "time": 13.3948233127594,
            "time_start": 1626384795.404197,
            "time_finish": 1626384808.7990203,
            "time_cost": 13.3948233127594
        },
        {
            "epoch": 15,
            "sample": 5000,
            "lr": 0.00012500000000000003,
            "loss": 0.011755064874641844,
            "acc": 0.9952,
            "time": 13.47415542602539,
            "time_start": 1626384830.549159,
            "time_finish": 1626384844.0233145,
            "time_cost": 13.47415542602539
        },
        {
            "epoch": 16,
            "sample": 5000,
            "lr": 0.00012500000000000003,
            "loss": 0.01961228225954288,
            "acc": 0.994,
            "time": 13.793942928314209,
            "time_start": 1626384865.5738084,
            "time_finish": 1626384879.3677514,
            "time_cost": 13.793942928314209
        },
        {
            "epoch": 17,
            "sample": 5000,
            "lr": 0.00012500000000000003,
            "loss": 0.019382713879515144,
            "acc": 0.994,
            "time": 14.229607343673706,
            "time_start": 1626384901.8140674,
            "time_finish": 1626384916.0436747,