{
    "info": {
        "device": "cuda",
        "epoch": 20,
        "dataset": "stl10",
        "data_path": "/host/ubuntu/torch",
        "bs": 32,
        "root_path": "/host/ubuntu/torch",
        "arch": "swin_tiny_patch4_window7_224",
        "lr": 0.001,
        "lr_scheduler": "step",
        "lr_step": 5,
        "lr_gamma": 0.5,
        "lr_scale": 0.1,
        "limit_train": 100,
        "limit_test": 0,
        "stats_fp": "./logs/massA/stats_210716_131746.json",
        "lineareval": true,
        "earlystop_epoch": 5,
        "pretrained": true,
        "note": "",
        "opt": "adamw",
        "fc": [
            512,
            128,
            32
        ],
        "image_size": 224
    },
    "telem": {
        "hardware": "1x3090",
        "sample_count_train": 100,
        "sample_count_val": 8000,
        "completed": false,
        "time_stamp": "210716_131746",
        "time_start": 1626441479.0640137,
        "time_finish": 1626441774.124379,
        "time_elapsed": 295.0603652000427,
        "time_updated": 1626441774.1243856,
        "bs": null,
        "mode": "lineareval"
    },
    "results": {
        "epochs": 19,
        "epoch.time": 14.514174056053161,
        "epoch.sample_time": 0.0,
        "train.time": 1.1691612362861634,
        "val.time": 13.345012819766998,
        "train.sample_time": 0.011691612362861634,
        "val.sample_time": 0.0016681266024708746,
        "train.acc": 1.0,
        "train.loss": 9.999,
        "val.acc": 0.900625,
        "val.loss": 9.999
    },
    "train": [
        {
            "epoch": 0,
            "sample": 100,
            "lr": 0.001,
            "loss": 2.2851986289024353,
            "acc": 0.34,
            "time": 4.482500314712524,
            "time_start": 1626441479.0640137,
            "time_finish": 1626441483.546514,
            "time_cost": 4.482500314712524
        },
        {
            "epoch": 1,
            "sample": 100,
            "lr": 0.001,
            "loss": 2.1293718814849854,
            "acc": 0.94,
            "time": 0.875903844833374,
            "time_start": 1626441496.6680775,
            "time_finish": 1626441497.5439813,
            "time_cost": 0.875903844833374
        },
        {
            "epoch": 2,
            "sample": 100,
            "lr": 0.001,
            "loss": 1.8145890831947327,
            "acc": 0.93,
            "time": 0.9720463752746582,
            "time_start": 1626441510.7217932,
            "time_finish": 1626441511.6938396,
            "time_cost": 0.9720463752746582
        },
        {
            "epoch": 3,
            "sample": 100,
            "lr": 0.001,
            "loss": 1.3841968774795532,
            "acc": 0.9,
            "time": 0.9698984622955322,
            "time_start": 1626441525.025611,
            "time_finish": 1626441525.9955094,
            "time_cost": 0.9698984622955322
        },
        {
            "epoch": 4,
            "sample": 100,
            "lr": 0.001,
            "loss": 0.7800952196121216,
            "acc": 0.93,
            "time": 1.0074493885040283,
            "time_start": 1626441539.72222,
            "time_finish": 1626441540.7296693,
            "time_cost": 1.0074493885040283
        },
        {
            "epoch": 5,
            "sample": 100,
            "lr": 0.0005,
            "loss": 0.375315984711051,
            "acc": 0.97,
            "time": 1.0607421398162842,
            "time_start": 1626441554.5738482,
            "time_finish": 1626441555.6345904,
            "time_cost": 1.0607421398162842
        },
        {
            "epoch": 6,
            "sample": 100,
            "lr": 0.0005,
            "loss": 0.26635882444679737,
            "acc": 0.97,
            "time": 1.0030441284179688,
            "time_start": 1626441569.390371,
            "time_finish": 1626441570.3934152,
            "time_cost": 1.0030441284179688
        },
        {
            "epoch": 7,
            "sample": 100,
            "lr": 0.0005,
            "loss": 0.27388324216008186,
            "acc": 0.97,
            "time": 0.8639469146728516,
            "time_start": 1626441583.9588149,
            "time_finish": 1626441584.8227618,
            "time_cost": 0.8639469146728516
        },
        {
            "epoch": 8,
            "sample": 100,
            "lr": 0.0005,
            "loss": 0.11557379178702831,
            "acc": 0.97,
            "time": 1.0124764442443848,
            "time_start": 1626441598.3290143,
            "time_finish": 1626441599.3414907,
            "time_cost": 1.0124764442443848
        },
        {
            "epoch": 9,
            "sample": 100,
            "lr": 0.0005,
            "loss": 0.15197424683719873,
            "acc": 1.0,
            "time": 1.0831940174102783,
            "time_start": 1626441613.0937672,
            "time_finish": 1626441614.1769612,
            "time_cost": 1.0831940174102783
        },
        {
            "epoch": 10,
            "sample": 100,
            "lr": 0.00025,
            "loss": 0.08102572429925203,
            "acc": 0.99,
            "time": 1.0093369483947754,
            "time_start": 1626441628.079568,
            "time_finish": 1626441629.0889049,
            "time_cost": 1.0093369483947754
        },
        {
            "epoch": 11,
            "sample": 100,
            "lr": 0.00025,
            "loss": 0.05652785860002041,
            "acc": 1.0,
            "time": 1.0123870372772217,
            "time_start": 1626441642.8671908,
            "time_finish": 1626441643.8795779,
            "time_cost": 1.0123870372772217
        },
        {
            "epoch": 12,
            "sample": 100,
            "lr": 0.00025,
            "loss": 0.052490585716441274,
            "acc": 0.99,
            "time": 0.9718337059020996,
            "time_start": 1626441657.6818109,
            "time_finish": 1626441658.6536446,
            "time_cost": 0.9718337059020996
        },
        {
            "epoch": 13,
            "sample": 100,
            "lr": 0.00025,
            "loss": 0.033195906318724155,
            "acc": 1.0,
            "time": 1.0688858032226562,
            "time_start": 1626441672.066457,
            "time_finish": 1626441673.1353428,
            "time_cost": 1.0688858032226562
        },
        {
            "epoch": 14,
            "sample": 100,
            "lr": 0.00025,
            "loss": 0.03815561905503273,
            "acc": 0.99,
            "time": 0.9972999095916748,
            "time_start": 1626441686.8138154,
            "time_finish": 1626441687.8111153,
            "time_cost": 0.9972999095916748
        },
        {
            "epoch": 15,
            "sample": 100,
            "lr": 0.000125,
            "loss": 0.0333067913306877,
            "acc": 1.0,
            "time": 0.9864108562469482,
            "time_start": 1626441701.2426386,
            "time_finish": 1626441702.2290494,
            "time_cost": 0.9864108562469482
        },
        {
            "epoch": 16,
            "sample": 100,
            "lr": 0.000125,
            "loss": 0.04604462394490838,
            "acc": 1.0,
            "time": 1.004791498184204,
            "time_start": 1626441715.7185373,
            "time_finish": 1626441716.7233288,
            "time_cost": 1.004791498184204
        },
        {
            "epoch": 17,
            "sample": 100,
            "lr": 0.000125,
            "loss": 0.051816354505717754,
            "acc": 1.0,
            "time": 1.0125732421875,
            "time_start": 1626441730.313589,
            "time_finish": 1626441731.3261623,
            "time_cost": 1.0125732421875
        },
        {
            "epoch": 18,
            "sample": 100,
            "lr": 0.000125,
            "loss": 0.04602626760606654,
            "acc": 0.99,
            "time": 0.9980945587158203,
            "time_start": 1626441744.883142,
            "time_finish": 1626441745.8812366,