{
    "info": {
        "device": "cuda",
        "epoch": 20,
        "dataset": "stl10",
        "data_path": "/host/ubuntu/torch",
        "bs": 32,
        "root_path": "/host/ubuntu/torch",
        "arch": "swin_base_patch4_window12_384_22k",
        "lr": 0.001,
        "lr_scheduler": "step",
        "lr_step": 5,
        "lr_gamma": 0.5,
        "lr_scale": 0.1,
        "limit_train": 400,
        "limit_test": 0,
        "stats_fp": "./logs/massA/stats_210716_084506.json",
        "lineareval": true,
        "earlystop_epoch": 5,
        "pretrained": true,
        "note": "",
        "opt": "adamw",
        "fc": [
            512,
            128,
            32
        ],
        "image_size": 384
    },
    "telem": {
        "hardware": "1x3090",
        "sample_count_train": 400,
        "sample_count_val": 8000,
        "completed": false,
        "time_stamp": "210716_084506",
        "time_start": 1626425120.2544582,
        "time_finish": 1626426058.2454686,
        "time_elapsed": 937.991010427475,
        "time_updated": 1626426058.2454753,
        "bs": null,
        "mode": "lineareval"
    },
    "results": {
        "epochs": 11,
        "epoch.time": 77.92327827215195,
        "epoch.sample_time": 0.0,
        "train.time": 4.782811522483826,
        "val.time": 73.14046674966812,
        "train.sample_time": 0.011957028806209564,
        "val.sample_time": 0.009142558343708515,
        "train.acc": 1.0,
        "train.loss": 9.999,
        "val.acc": 0.99425,
        "val.loss": 9.999
    },
    "train": [
        {
            "epoch": 0,
            "sample": 400,
            "lr": 0.0010000000000000005,
            "loss": 1.76201842381404,
            "acc": 0.8,
            "time": 8.037165641784668,
            "time_start": 1626425120.2544582,
            "time_finish": 1626425128.2916238,
            "time_cost": 8.037165641784668
        },
        {
            "epoch": 1,
            "sample": 400,
            "lr": 0.0010000000000000005,
            "loss": 0.14319189394322726,
            "acc": 0.9925,
            "time": 4.499267816543579,
            "time_start": 1626425201.5054169,
            "time_finish": 1626425206.0046847,
            "time_cost": 4.499267816543579
        },
        {
            "epoch": 2,
            "sample": 400,
            "lr": 0.0010000000000000005,
            "loss": 0.01500948320608586,
            "acc": 0.9975,
            "time": 4.4732582569122314,
            "time_start": 1626425279.3454003,
            "time_finish": 1626425283.8186586,
            "time_cost": 4.4732582569122314
        },
        {
            "epoch": 3,
            "sample": 400,
            "lr": 0.0010000000000000005,
            "loss": 0.011393300752388313,
            "acc": 0.995,
            "time": 4.442800998687744,
            "time_start": 1626425357.2807186,
            "time_finish": 1626425361.7235196,
            "time_cost": 4.442800998687744
        },
        {
            "epoch": 4,
            "sample": 400,
            "lr": 0.0010000000000000005,
            "loss": 0.009953562000121634,
            "acc": 0.995,
            "time": 4.445846796035767,
            "time_start": 1626425435.2930748,
            "time_finish": 1626425439.7389216,
            "time_cost": 4.445846796035767
        },
        {
            "epoch": 5,
            "sample": 400,
            "lr": 0.0005000000000000002,
            "loss": 0.001413848275730673,
            "acc": 1.0,
            "time": 4.481456279754639,
            "time_start": 1626425513.1766949,
            "time_finish": 1626425517.6581511,
            "time_cost": 4.481456279754639
        },
        {
            "epoch": 6,
            "sample": 400,
            "lr": 0.0005000000000000002,
            "loss": 0.0003433362827099,
            "acc": 1.0,
            "time": 4.562442064285278,
            "time_start": 1626425591.0552661,
            "time_finish": 1626425595.6177082,
            "time_cost": 4.562442064285278
        },
        {
            "epoch": 7,
            "sample": 400,
            "lr": 0.0005000000000000002,
            "loss": 0.011771437493734993,
            "acc": 0.995,
            "time": 4.512984037399292,
            "time_start": 1626425668.873857,
            "time_finish": 1626425673.386841,
            "time_cost": 4.512984037399292
        },
        {
            "epoch": 8,
            "sample": 400,
            "lr": 0.0005000000000000002,
            "loss": 0.0027949131393912607,
            "acc": 1.0,
            "time": 4.502898454666138,
            "time_start": 1626425746.8022172,
            "time_finish": 1626425751.3051157,
            "time_cost": 4.502898454666138
        },
        {
            "epoch": 9,
            "sample": 400,
            "lr": 0.0005000000000000002,
            "loss": 0.0003191226144106342,
            "acc": 1.0,
            "time": 4.497030258178711,
            "time_start": 1626425824.7204244,
            "time_finish": 1626425829.2174547,
            "time_cost": 4.497030258178711
        },
        {
            "epoch": 10,
            "sample": 400,
            "lr": 0.0002500000000000001,
            "loss": 0.00016695665376923548,
            "acc": 1.0,
            "time": 4.469367265701294,
            "time_start": 1626425902.6656344,
            "time_finish": 1626425907.1350017,
            "time_cost": 4.469367265701294
        },
        {
            "epoch": 11,
            "sample": 400,
            "lr": 0.0002500000000000001,
            "loss": 0.0005414669673113027,
            "acc": 1.0,
            "time": 4.469220399856567,
            "time_start": 1626425980.367768,
            "time_finish": 1626425984.8369884,
            "time_cost": 4.469220399856567
        }
    ],
    "val": [
        {
            "epoch": 0,
            "sample": 8000,
            "lr": 0.0,
            "loss": 0.6017617521286011,
            "acc": 0.97425,
            "time": 72.99487853050232,
            "time_start": 1626425128.3859134,
            "time_finish": 1626425201.380792,
            "time_cost": 72.99487853050232
        },
        {
            "epoch": 1,
            "sample": 8000,
            "lr": 0.0,
            "loss": 0.03221290477737784,
            "acc": 0.99425,
            "time": 73.10129833221436,
            "time_start": 1626425206.117105,
            "time_finish": 1626425279.2184033,
            "time_cost": 73.10129833221436
        },
        {
            "epoch": 2,
            "sample": 8000,
            "lr": 0.0,
            "loss": 0.06160837212204933,
            "acc": 0.9825,
            "time": 73.20565104484558,
            "time_start": 1626425283.944966,
            "time_finish": 1626425357.1506171,
            "time_cost": 73.20565104484558
        },
        {
            "epoch": 3,
            "sample": 8000,
            "lr": 0.0,
            "loss": 0.02548878044646699,
            "acc": 0.99325,
            "time": 73.31838774681091,
            "time_start": 1626425361.8522732,
            "time_finish": 1626425435.170661,
            "time_cost": 73.31838774681091
        },
        {
            "epoch": 4,
            "sample": 8000,
            "lr": 0.0,
            "loss": 0.02409506199345924,
            "acc": 0.99375,
            "time": 73.17481923103333,
            "time_start": 1626425439.8609273,
            "time_finish": 1626425513.0357466,
            "time_cost": 73.17481923103333
        },
        {
            "epoch": 5,
            "sample": 8000,
            "lr": 0.0,
            "loss": 0.022947207255405375,
            "acc": 0.993125,
            "time": 73.14054536819458,
            "time_start": 1626425517.7668467,
            "time_finish": 1626425590.907392,
            "time_cost": 73.14054536819458
        },
        {
            "epoch": 6,
            "sample": 8000,
            "lr": 0.0,
            "loss": 0.025604883785767016,