{
    "info": {
        "device": "cuda",
        "epoch": 20,
        "dataset": "stl10",
        "data_path": "/host/ubuntu/torch",
        "bs": 32,
        "root_path": "/host/ubuntu/torch",
        "arch": "swin_tiny_patch4_window7_224",
        "lr": 0.001,
        "lr_scheduler": "step",
        "lr_step": 5,
        "lr_gamma": 0.5,
        "lr_scale": 0.1,
        "limit_train": 200,
        "limit_test": 0,
        "stats_fp": "./logs/massA/stats_210716_103200.json",
        "lineareval": true,
        "earlystop_epoch": 5,
        "pretrained": true,
        "note": "",
        "opt": "adamw",
        "fc": [
            512,
            128,
            32
        ],
        "image_size": 224
    },
    "telem": {
        "hardware": "1x3090",
        "sample_count_train": 200,
        "sample_count_val": 8000,
        "completed": false,
        "time_stamp": "210716_103200",
        "time_start": 1626431532.804997,
        "time_finish": 1626431810.9774334,
        "time_elapsed": 278.1724364757538,
        "time_updated": 1626431810.9774432,
        "bs": null,
        "mode": "lineareval"
    },
    "results": {
        "epochs": 18,
        "epoch.time": 14.412557802702251,
        "epoch.sample_time": 0.0,
        "train.time": 1.2700269975160297,
        "val.time": 13.14253080518622,
        "train.sample_time": 0.006350134987580148,
        "val.sample_time": 0.0016428163506482776,
        "train.acc": 1.0,
        "train.loss": 9.999,
        "val.acc": 0.950875,
        "val.loss": 9.999
    },
    "train": [
        {
            "epoch": 0,
            "sample": 200,
            "lr": 0.001,
            "loss": 2.237135580607823,
            "acc": 0.49,
            "time": 4.564817190170288,
            "time_start": 1626431532.804997,
            "time_finish": 1626431537.3698142,
            "time_cost": 4.564817190170288
        },
        {
            "epoch": 1,
            "sample": 200,
            "lr": 0.001,
            "loss": 1.6880193437848772,
            "acc": 0.75,
            "time": 1.0463285446166992,
            "time_start": 1626431550.4957716,
            "time_finish": 1626431551.5421002,
            "time_cost": 1.0463285446166992
        },
        {
            "epoch": 2,
            "sample": 200,
            "lr": 0.001,
            "loss": 0.800469023840768,
            "acc": 0.76,
            "time": 1.1405956745147705,
            "time_start": 1626431564.8662999,
            "time_finish": 1626431566.0068955,
            "time_cost": 1.1405956745147705
        },
        {
            "epoch": 3,
            "sample": 200,
            "lr": 0.001,
            "loss": 0.3570469745567867,
            "acc": 0.94,
            "time": 1.0587029457092285,
            "time_start": 1626431579.221096,
            "time_finish": 1626431580.279799,
            "time_cost": 1.0587029457092285
        },
        {
            "epoch": 4,
            "sample": 200,
            "lr": 0.001,
            "loss": 0.11243922289993082,
            "acc": 0.975,
            "time": 1.0487031936645508,
            "time_start": 1626431593.4221537,
            "time_finish": 1626431594.470857,
            "time_cost": 1.0487031936645508
        },
        {
            "epoch": 5,
            "sample": 200,
            "lr": 0.0005,
            "loss": 0.042019063606858253,
            "acc": 1.0,
            "time": 1.1444640159606934,
            "time_start": 1626431607.8565664,
            "time_finish": 1626431609.0010304,
            "time_cost": 1.1444640159606934
        },
        {
            "epoch": 6,
            "sample": 200,
            "lr": 0.0005,
            "loss": 0.04009410699031183,
            "acc": 0.99,
            "time": 1.203324317932129,
            "time_start": 1626431622.7280297,
            "time_finish": 1626431623.931354,
            "time_cost": 1.203324317932129
        },
        {
            "epoch": 7,
            "sample": 200,
            "lr": 0.0005,
            "loss": 0.021440422295459678,
            "acc": 0.995,
            "time": 1.0808379650115967,
            "time_start": 1626431637.2306585,
            "time_finish": 1626431638.3114965,
            "time_cost": 1.0808379650115967
        },
        {
            "epoch": 8,
            "sample": 200,
            "lr": 0.0005,
            "loss": 0.02987660500886185,
            "acc": 0.995,
            "time": 0.9875421524047852,
            "time_start": 1626431651.5975602,
            "time_finish": 1626431652.5851023,
            "time_cost": 0.9875421524047852
        },
        {
            "epoch": 9,
            "sample": 200,
            "lr": 0.0005,
            "loss": 0.02205255364866129,
            "acc": 0.995,
            "time": 1.1339972019195557,
            "time_start": 1626431665.8364413,
            "time_finish": 1626431666.9704385,
            "time_cost": 1.1339972019195557
        },
        {
            "epoch": 10,
            "sample": 200,
            "lr": 0.00025,
            "loss": 0.011475693367953812,
            "acc": 1.0,
            "time": 0.9588394165039062,
            "time_start": 1626431680.1561925,
            "time_finish": 1626431681.115032,
            "time_cost": 0.9588394165039062
        },
        {
            "epoch": 11,
            "sample": 200,
            "lr": 0.00025,
            "loss": 0.015474965529782432,
            "acc": 0.995,
            "time": 1.0330801010131836,
            "time_start": 1626431694.292172,
            "time_finish": 1626431695.325252,
            "time_cost": 1.0330801010131836
        },
        {
            "epoch": 12,
            "sample": 200,
            "lr": 0.00025,
            "loss": 0.008977100735397212,
            "acc": 1.0,
            "time": 1.0413193702697754,
            "time_start": 1626431708.4115925,
            "time_finish": 1626431709.4529119,
            "time_cost": 1.0413193702697754
        },
        {
            "epoch": 13,
            "sample": 200,
            "lr": 0.00025,
            "loss": 0.011198922592614378,
            "acc": 1.0,
            "time": 1.111067295074463,
            "time_start": 1626431722.6838794,
            "time_finish": 1626431723.7949467,
            "time_cost": 1.111067295074463
        },
        {
            "epoch": 14,
            "sample": 200,
            "lr": 0.00025,
            "loss": 0.015266600913102073,
            "acc": 1.0,
            "time": 1.156045913696289,
            "time_start": 1626431737.3195643,
            "time_finish": 1626431738.4756103,
            "time_cost": 1.156045913696289
        },
        {
            "epoch": 15,
            "sample": 200,
            "lr": 0.000125,
            "loss": 0.009782539896800049,
            "acc": 0.995,
            "time": 1.0777637958526611,
            "time_start": 1626431752.0251749,
            "time_finish": 1626431753.1029387,
            "time_cost": 1.0777637958526611
        },
        {
            "epoch": 16,
            "sample": 200,
            "lr": 0.000125,
            "loss": 0.023134001198091676,
            "acc": 0.995,
            "time": 0.9991064071655273,
            "time_start": 1626431766.9439135,
            "time_finish": 1626431767.9430199,
            "time_cost": 0.9991064071655273
        },
        {
            "epoch": 17,
            "sample": 200,
            "lr": 0.000125,
            "loss": 0.007888673671654292,
            "acc": 1.0,
            "time": 1.181901216506958,
            "time_start": 1626431781.8927543,
            "time_finish": 1626431783.0746555,
            "time_cost": 1.181901216506958
        },
        {
            "epoch": 18,
            "sample": 200,
            "lr": 0.000125,
            "loss": 0.009693267389333673,
            "acc": 0.995,
            "time": 1.1620762348175049,
            "time_start": 1626431796.5126517,
            "time_finish": 1626431797.674728,