{
    "info": {
        "device": "cuda",
        "epoch": 20,
        "dataset": "stl10",
        "data_path": "/host/ubuntu/torch",
        "bs": 32,
        "root_path": "/host/ubuntu/torch",
        "arch": "resnext50_32x4d",
        "lr": 0.001,
        "lr_scheduler": "step",
        "lr_step": 5,
        "lr_gamma": 0.5,
        "lr_scale": 0.1,
        "limit_train": 100,
        "limit_test": 0,
        "stats_fp": "./logs/massA/stats_210716_152601.json",
        "lineareval": true,
        "earlystop_epoch": 5,
        "pretrained": true,
        "note": "",
        "opt": "adamw",
        "fc": [
            512,
            128,
            32
        ],
        "image_size": 224
    },
    "telem": {
        "hardware": "1x3090",
        "sample_count_train": 100,
        "sample_count_val": 8000,
        "completed": false,
        "time_stamp": "210716_152601",
        "time_start": 1626449177.1521199,
        "time_finish": 1626449450.9853756,
        "time_elapsed": 273.83325576782227,
        "time_updated": 1626449450.9853818,
        "bs": null,
        "mode": "lineareval"
    },
    "results": {
        "epochs": 19,
        "epoch.time": 13.460679566860199,
        "epoch.sample_time": 0.0,
        "train.time": 0.9414755225181579,
        "val.time": 12.519204044342041,
        "train.sample_time": 0.009414755225181579,
        "val.sample_time": 0.0015649005055427552,
        "train.acc": 0.97,
        "train.loss": 9.999,
        "val.acc": 0.812125,
        "val.loss": 9.999
    },
    "train": [
        {
            "epoch": 0,
            "sample": 100,
            "lr": 0.001,
            "loss": 2.257520318031311,
            "acc": 0.25,
            "time": 0.8627023696899414,
            "time_start": 1626449177.1521199,
            "time_finish": 1626449178.0148222,
            "time_cost": 0.8627023696899414
        },
        {
            "epoch": 1,
            "sample": 100,
            "lr": 0.001,
            "loss": 1.8899182975292206,
            "acc": 0.39,
            "time": 0.8766250610351562,
            "time_start": 1626449190.5896015,
            "time_finish": 1626449191.4662266,
            "time_cost": 0.8766250610351562
        },
        {
            "epoch": 2,
            "sample": 100,
            "lr": 0.001,
            "loss": 1.5823063552379608,
            "acc": 0.5,
            "time": 0.8687043190002441,
            "time_start": 1626449203.8603222,
            "time_finish": 1626449204.7290266,
            "time_cost": 0.8687043190002441
        },
        {
            "epoch": 3,
            "sample": 100,
            "lr": 0.001,
            "loss": 1.0988416224718094,
            "acc": 0.7,
            "time": 0.8501772880554199,
            "time_start": 1626449217.133047,
            "time_finish": 1626449217.9832244,
            "time_cost": 0.8501772880554199
        },
        {
            "epoch": 4,
            "sample": 100,
            "lr": 0.001,
            "loss": 1.3532473146915436,
            "acc": 0.63,
            "time": 1.0341007709503174,
            "time_start": 1626449230.6479106,
            "time_finish": 1626449231.6820114,
            "time_cost": 1.0341007709503174
        },
        {
            "epoch": 5,
            "sample": 100,
            "lr": 0.0005,
            "loss": 0.9714348912239075,
            "acc": 0.7,
            "time": 0.8794617652893066,
            "time_start": 1626449244.7977746,
            "time_finish": 1626449245.6772363,
            "time_cost": 0.8794617652893066
        },
        {
            "epoch": 6,
            "sample": 100,
            "lr": 0.0005,
            "loss": 0.8536982089281082,
            "acc": 0.87,
            "time": 1.0026164054870605,
            "time_start": 1626449258.7382646,
            "time_finish": 1626449259.740881,
            "time_cost": 1.0026164054870605
        },
        {
            "epoch": 7,
            "sample": 100,
            "lr": 0.0005,
            "loss": 0.6596710979938507,
            "acc": 0.83,
            "time": 1.0289974212646484,
            "time_start": 1626449272.8322926,
            "time_finish": 1626449273.86129,
            "time_cost": 1.0289974212646484
        },
        {
            "epoch": 8,
            "sample": 100,
            "lr": 0.0005,
            "loss": 0.8909574747085571,
            "acc": 0.83,
            "time": 0.9532272815704346,
            "time_start": 1626449286.7186568,
            "time_finish": 1626449287.671884,
            "time_cost": 0.9532272815704346
        },
        {
            "epoch": 9,
            "sample": 100,
            "lr": 0.0005,
            "loss": 0.9101036339998245,
            "acc": 0.75,
            "time": 0.9053900241851807,
            "time_start": 1626449300.2116442,
            "time_finish": 1626449301.1170342,
            "time_cost": 0.9053900241851807
        },
        {
            "epoch": 10,
            "sample": 100,
            "lr": 0.00025,
            "loss": 0.5463610291481018,
            "acc": 0.87,
            "time": 0.86922287940979,
            "time_start": 1626449313.6411052,
            "time_finish": 1626449314.510328,
            "time_cost": 0.86922287940979
        },
        {
            "epoch": 11,
            "sample": 100,
            "lr": 0.00025,
            "loss": 0.37551429867744446,
            "acc": 0.95,
            "time": 1.0285515785217285,
            "time_start": 1626449326.9244404,
            "time_finish": 1626449327.952992,
            "time_cost": 1.0285515785217285
        },
        {
            "epoch": 12,
            "sample": 100,
            "lr": 0.00025,
            "loss": 0.6619422733783722,
            "acc": 0.93,
            "time": 0.8601667881011963,
            "time_start": 1626449340.4081528,
            "time_finish": 1626449341.2683196,
            "time_cost": 0.8601667881011963
        },
        {
            "epoch": 13,
            "sample": 100,
            "lr": 0.00025,
            "loss": 0.47995394095778465,
            "acc": 0.94,
            "time": 1.0271070003509521,
            "time_start": 1626449353.8885524,
            "time_finish": 1626449354.9156594,
            "time_cost": 1.0271070003509521
        },
        {
            "epoch": 14,
            "sample": 100,
            "lr": 0.00025,
            "loss": 0.2571261078119278,
            "acc": 0.97,
            "time": 1.054971694946289,
            "time_start": 1626449367.9652784,
            "time_finish": 1626449369.02025,
            "time_cost": 1.054971694946289
        },
        {
            "epoch": 15,
            "sample": 100,
            "lr": 0.000125,
            "loss": 0.4031057395040989,
            "acc": 0.96,
            "time": 0.8860714435577393,
            "time_start": 1626449382.1785514,
            "time_finish": 1626449383.0646229,
            "time_cost": 0.8860714435577393
        },
        {
            "epoch": 16,
            "sample": 100,
            "lr": 0.000125,
            "loss": 0.29115867987275124,
            "acc": 0.95,
            "time": 1.005492925643921,
            "time_start": 1626449395.9216573,
            "time_finish": 1626449396.9271502,
            "time_cost": 1.005492925643921
        },
        {
            "epoch": 17,
            "sample": 100,
            "lr": 0.000125,
            "loss": 0.24374521151185036,
            "acc": 0.97,
            "time": 1.072138786315918,
            "time_start": 1626449410.180912,
            "time_finish": 1626449411.2530508,
            "time_cost": 1.072138786315918
        },
        {
            "epoch": 18,
            "sample": 100,
            "lr": 0.000125,
            "loss": 0.25678255409002304,
            "acc": 0.95,
            "time": 0.8577523231506348,
            "time_start": 1626449424.123799,
            "time_finish": 1626449424.9815514,