{
    "info": {
        "device": "cuda",
        "epoch": 20,
        "dataset": "stl10",
        "data_path": "/host/ubuntu/torch",
        "bs": 32,
        "root_path": "/host/ubuntu/torch",
        "arch": "dino_vitb8",
        "lr": 0.001,
        "lr_scheduler": "step",
        "lr_step": 5,
        "lr_gamma": 0.5,
        "lr_scale": 0.1,
        "limit_train": 800,
        "limit_test": 0,
        "stats_fp": "./logs/massA/stats_210716_070509.json",
        "lineareval": true,
        "earlystop_epoch": 5,
        "pretrained": true,
        "note": "",
        "opt": "adamw",
        "fc": [
            512,
            128,
            32
        ],
        "image_size": 224
    },
    "telem": {
        "hardware": "1x3090",
        "sample_count_train": 800,
        "sample_count_val": 8000,
        "completed": false,
        "time_stamp": "210716_070509",
        "time_start": 1626419123.7024384,
        "time_finish": 1626420860.8803864,
        "time_elapsed": 1737.1779479980469,
        "time_updated": 1626420860.8803935,
        "bs": null,
        "mode": "lineareval"
    },
    "results": {
        "epochs": 19,
        "epoch.time": 86.61849640607834,
        "epoch.sample_time": 0.0,
        "train.time": 8.670360326766968,
        "val.time": 77.94813607931137,
        "train.sample_time": 0.01083795040845871,
        "val.sample_time": 0.00974351700991392,
        "train.acc": 1.0,
        "train.loss": 9.999,
        "val.acc": 0.98575,
        "val.loss": 9.999
    },
    "train": [
        {
            "epoch": 0,
            "sample": 800,
            "lr": 0.001,
            "loss": 0.6636174800805748,
            "acc": 0.81125,
            "time": 12.106297969818115,
            "time_start": 1626419123.7024384,
            "time_finish": 1626419135.8087363,
            "time_cost": 12.106297969818115
        },
        {
            "epoch": 1,
            "sample": 800,
            "lr": 0.001,
            "loss": 0.01922302310937084,
            "acc": 0.9925,
            "time": 10.268772602081299,
            "time_start": 1626419215.6832063,
            "time_finish": 1626419225.951979,
            "time_cost": 10.268772602081299
        },
        {
            "epoch": 2,
            "sample": 800,
            "lr": 0.001,
            "loss": 0.006269406347273616,
            "acc": 0.99625,
            "time": 8.396884202957153,
            "time_start": 1626419312.117387,
            "time_finish": 1626419320.5142713,
            "time_cost": 8.396884202957153
        },
        {
            "epoch": 3,
            "sample": 800,
            "lr": 0.001,
            "loss": 0.015654778358293698,
            "acc": 0.99375,
            "time": 8.304232835769653,
            "time_start": 1626419403.2911618,
            "time_finish": 1626419411.5953946,
            "time_cost": 8.304232835769653
        },
        {
            "epoch": 4,
            "sample": 800,
            "lr": 0.001,
            "loss": 0.0017669116557226517,
            "acc": 1.0,
            "time": 8.251060009002686,
            "time_start": 1626419491.6041472,
            "time_finish": 1626419499.8552072,
            "time_cost": 8.251060009002686
        },
        {
            "epoch": 5,
            "sample": 800,
            "lr": 0.0005,
            "loss": 0.000223814096825663,
            "acc": 1.0,
            "time": 8.91064190864563,
            "time_start": 1626419576.7537081,
            "time_finish": 1626419585.66435,
            "time_cost": 8.91064190864563
        },
        {
            "epoch": 6,
            "sample": 800,
            "lr": 0.0005,
            "loss": 0.00023022522196697537,
            "acc": 1.0,
            "time": 8.29221773147583,
            "time_start": 1626419662.47008,
            "time_finish": 1626419670.7622976,
            "time_cost": 8.29221773147583
        },
        {
            "epoch": 7,
            "sample": 800,
            "lr": 0.0005,
            "loss": 0.000212827025243314,
            "acc": 1.0,
            "time": 8.832616090774536,
            "time_start": 1626419747.8617456,
            "time_finish": 1626419756.6943617,
            "time_cost": 8.832616090774536
        },
        {
            "epoch": 8,
            "sample": 800,
            "lr": 0.0005,
            "loss": 0.00014944183916668408,
            "acc": 1.0,
            "time": 8.305100679397583,
            "time_start": 1626419833.4856424,
            "time_finish": 1626419841.790743,
            "time_cost": 8.305100679397583
        },
        {
            "epoch": 9,
            "sample": 800,
            "lr": 0.0005,
            "loss": 0.00015667206855141558,
            "acc": 1.0,
            "time": 8.29251766204834,
            "time_start": 1626419918.557201,
            "time_finish": 1626419926.8497186,
            "time_cost": 8.29251766204834
        },
        {
            "epoch": 10,
            "sample": 800,
            "lr": 0.00025,
            "loss": 0.00015297291742172092,
            "acc": 1.0,
            "time": 8.508149147033691,
            "time_start": 1626420004.184069,
            "time_finish": 1626420012.692218,
            "time_cost": 8.508149147033691
        },
        {
            "epoch": 11,
            "sample": 800,
            "lr": 0.00025,
            "loss": 0.00032178311099414716,
            "acc": 1.0,
            "time": 8.29650616645813,
            "time_start": 1626420089.633868,
            "time_finish": 1626420097.9303741,
            "time_cost": 8.29650616645813
        },
        {
            "epoch": 12,
            "sample": 800,
            "lr": 0.00025,
            "loss": 0.00012399639701470732,
            "acc": 1.0,
            "time": 8.305460929870605,
            "time_start": 1626420174.6440444,
            "time_finish": 1626420182.9495053,
            "time_cost": 8.305460929870605
        },
        {
            "epoch": 13,
            "sample": 800,
            "lr": 0.00025,
            "loss": 0.00013506575822248124,
            "acc": 1.0,
            "time": 8.259283781051636,
            "time_start": 1626420259.7283115,
            "time_finish": 1626420267.9875953,
            "time_cost": 8.259283781051636
        },
        {
            "epoch": 14,
            "sample": 800,
            "lr": 0.00025,
            "loss": 0.00010295305357431061,
            "acc": 1.0,
            "time": 8.515368461608887,
            "time_start": 1626420344.7686052,
            "time_finish": 1626420353.2839737,
            "time_cost": 8.515368461608887
        },
        {
            "epoch": 15,
            "sample": 800,
            "lr": 0.000125,
            "loss": 9.131054379395209e-05,
            "acc": 1.0,
            "time": 8.300005435943604,
            "time_start": 1626420431.5976145,
            "time_finish": 1626420439.89762,
            "time_cost": 8.300005435943604
        },
        {
            "epoch": 16,
            "sample": 800,
            "lr": 0.000125,
            "loss": 0.00010682292559067718,
            "acc": 1.0,
            "time": 8.274385213851929,
            "time_start": 1626420516.6332629,
            "time_finish": 1626420524.907648,
            "time_cost": 8.274385213851929
        },
        {
            "epoch": 17,
            "sample": 800,
            "lr": 0.000125,
            "loss": 9.442246620892547e-05,
            "acc": 1.0,
            "time": 8.364205837249756,
            "time_start": 1626420601.706906,
            "time_finish": 1626420610.071112,
            "time_cost": 8.364205837249756
        },
        {
            "epoch": 18,
            "sample": 800,
            "lr": 0.000125,
            "loss": 9.475001330429222e-05,
            "acc": 1.0,
            "time": 8.300381898880005,
            "time_start": 1626420686.8558464,
            "time_finish": 1626420695.1562283,