{
    "info": {
        "device": "cuda",
        "epoch": 20,
        "dataset": "stl10",
        "data_path": "/host/ubuntu/torch",
        "bs": 32,
        "root_path": "/host/ubuntu/torch",
        "arch": "swin_base_patch4_window7_224",
        "lr": 0.001,
        "lr_scheduler": "step",
        "lr_step": 5,
        "lr_gamma": 0.5,
        "lr_scale": 0.1,
        "limit_train": 100,
        "limit_test": 0,
        "stats_fp": "./logs/massA/stats_210716_132256.json",
        "lineareval": true,
        "earlystop_epoch": 5,
        "pretrained": true,
        "note": "",
        "opt": "adamw",
        "fc": [
            512,
            128,
            32
        ],
        "image_size": 224
    },
    "telem": {
        "hardware": "1x3090",
        "sample_count_train": 100,
        "sample_count_val": 8000,
        "completed": false,
        "time_stamp": "210716_132256",
        "time_start": 1626441790.3972027,
        "time_finish": 1626442334.7219443,
        "time_elapsed": 544.324741601944,
        "time_updated": 1626442334.7219536,
        "bs": null,
        "mode": "lineareval"
    },
    "results": {
        "epochs": 19,
        "epoch.time": 26.973621475696564,
        "epoch.sample_time": 0.0,
        "train.time": 1.3331398248672486,
        "val.time": 25.640481650829315,
        "train.sample_time": 0.013331398248672487,
        "val.sample_time": 0.0032050602063536642,
        "train.acc": 1.0,
        "train.loss": 9.999,
        "val.acc": 0.93325,
        "val.loss": 9.999
    },
    "train": [
        {
            "epoch": 0,
            "sample": 100,
            "lr": 0.001,
            "loss": 2.2825347781181335,
            "acc": 0.29,
            "time": 4.818568706512451,
            "time_start": 1626441790.3972027,
            "time_finish": 1626441795.2157714,
            "time_cost": 4.818568706512451
        },
        {
            "epoch": 1,
            "sample": 100,
            "lr": 0.001,
            "loss": 2.1522616744041443,
            "acc": 0.74,
            "time": 1.0304858684539795,
            "time_start": 1626441820.3150203,
            "time_finish": 1626441821.3455062,
            "time_cost": 1.0304858684539795
        },
        {
            "epoch": 2,
            "sample": 100,
            "lr": 0.001,
            "loss": 1.9311208426952362,
            "acc": 0.73,
            "time": 1.1021828651428223,
            "time_start": 1626441846.4090884,
            "time_finish": 1626441847.5112712,
            "time_cost": 1.1021828651428223
        },
        {
            "epoch": 3,
            "sample": 100,
            "lr": 0.001,
            "loss": 1.37160924077034,
            "acc": 0.76,
            "time": 1.0177743434906006,
            "time_start": 1626441872.6850219,
            "time_finish": 1626441873.7027962,
            "time_cost": 1.0177743434906006
        },
        {
            "epoch": 4,
            "sample": 100,
            "lr": 0.001,
            "loss": 1.1171624064445496,
            "acc": 0.78,
            "time": 1.0099897384643555,
            "time_start": 1626441898.8880684,
            "time_finish": 1626441899.8980582,
            "time_cost": 1.0099897384643555
        },
        {
            "epoch": 5,
            "sample": 100,
            "lr": 0.0005,
            "loss": 0.5238642944023013,
            "acc": 0.84,
            "time": 1.161360740661621,
            "time_start": 1626441926.028665,
            "time_finish": 1626441927.1900258,
            "time_cost": 1.161360740661621
        },
        {
            "epoch": 6,
            "sample": 100,
            "lr": 0.0005,
            "loss": 0.46957556903362274,
            "acc": 0.93,
            "time": 1.1811182498931885,
            "time_start": 1626441953.5485148,
            "time_finish": 1626441954.729633,
            "time_cost": 1.1811182498931885
        },
        {
            "epoch": 7,
            "sample": 100,
            "lr": 0.0005,
            "loss": 0.29086286667734385,
            "acc": 0.99,
            "time": 1.1634397506713867,
            "time_start": 1626441980.855139,
            "time_finish": 1626441982.0185788,
            "time_cost": 1.1634397506713867
        },
        {
            "epoch": 8,
            "sample": 100,
            "lr": 0.0005,
            "loss": 0.22588875144720078,
            "acc": 0.99,
            "time": 1.1553208827972412,
            "time_start": 1626442008.3581955,
            "time_finish": 1626442009.5135164,
            "time_cost": 1.1553208827972412
        },
        {
            "epoch": 9,
            "sample": 100,
            "lr": 0.0005,
            "loss": 0.12733742455020547,
            "acc": 0.99,
            "time": 1.2398452758789062,
            "time_start": 1626442035.748006,
            "time_finish": 1626442036.9878514,
            "time_cost": 1.2398452758789062
        },
        {
            "epoch": 10,
            "sample": 100,
            "lr": 0.00025,
            "loss": 0.07771765301004052,
            "acc": 1.0,
            "time": 1.1912822723388672,
            "time_start": 1626442062.9678261,
            "time_finish": 1626442064.1591084,
            "time_cost": 1.1912822723388672
        },
        {
            "epoch": 11,
            "sample": 100,
            "lr": 0.00025,
            "loss": 0.0593472447944805,
            "acc": 1.0,
            "time": 1.1372451782226562,
            "time_start": 1626442090.1111853,
            "time_finish": 1626442091.2484305,
            "time_cost": 1.1372451782226562
        },
        {
            "epoch": 12,
            "sample": 100,
            "lr": 0.00025,
            "loss": 0.08354589901864529,
            "acc": 0.99,
            "time": 1.222400426864624,
            "time_start": 1626442117.2350838,
            "time_finish": 1626442118.4574842,
            "time_cost": 1.222400426864624
        },
        {
            "epoch": 13,
            "sample": 100,
            "lr": 0.00025,
            "loss": 0.039392718113958836,
            "acc": 1.0,
            "time": 1.2108094692230225,
            "time_start": 1626442144.5023558,
            "time_finish": 1626442145.7131653,
            "time_cost": 1.2108094692230225
        },
        {
            "epoch": 14,
            "sample": 100,
            "lr": 0.00025,
            "loss": 0.03196219936944544,
            "acc": 0.99,
            "time": 1.128565788269043,
            "time_start": 1626442171.8162124,
            "time_finish": 1626442172.9447782,
            "time_cost": 1.128565788269043
        },
        {
            "epoch": 15,
            "sample": 100,
            "lr": 0.000125,
            "loss": 0.024862586753442883,
            "acc": 1.0,
            "time": 1.14060640335083,
            "time_start": 1626442198.915897,
            "time_finish": 1626442200.0565033,
            "time_cost": 1.14060640335083
        },
        {
            "epoch": 16,
            "sample": 100,
            "lr": 0.000125,
            "loss": 0.03156227944418788,
            "acc": 1.0,
            "time": 1.2035346031188965,
            "time_start": 1626442226.0804062,
            "time_finish": 1626442227.2839408,
            "time_cost": 1.2035346031188965
        },
        {
            "epoch": 17,
            "sample": 100,
            "lr": 0.000125,
            "loss": 0.020793833304196596,
            "acc": 1.0,
            "time": 1.1592988967895508,
            "time_start": 1626442253.2526248,
            "time_finish": 1626442254.4119236,
            "time_cost": 1.1592988967895508
        },
        {
            "epoch": 18,
            "sample": 100,
            "lr": 0.000125,
            "loss": 0.019584968977142125,
            "acc": 1.0,
            "time": 1.2042622566223145,
            "time_start": 1626442280.3581343,
            "time_finish": 1626442281.5623965,