{
    "info": {
        "device": "cuda",
        "epoch": 20,
        "dataset": "stl10",
        "data_path": "/host/ubuntu/torch",
        "bs": 32,
        "root_path": "/host/ubuntu/torch",
        "arch": "resnext50_32x4d",
        "lr": 0.001,
        "lr_scheduler": "step",
        "lr_step": 5,
        "lr_gamma": 0.5,
        "lr_scale": 0.1,
        "limit_train": 800,
        "limit_test": 0,
        "stats_fp": "./logs/massA/stats_210716_073423.json",
        "lineareval": true,
        "earlystop_epoch": 5,
        "pretrained": true,
        "note": "",
        "opt": "adamw",
        "fc": [
            512,
            128,
            32
        ],
        "image_size": 224
    },
    "telem": {
        "hardware": "1x3090",
        "sample_count_train": 800,
        "sample_count_val": 8000,
        "completed": false,
        "time_stamp": "210716_073423",
        "time_start": 1626420879.328035,
        "time_finish": 1626421172.2612154,
        "time_elapsed": 292.93318033218384,
        "time_updated": 1626421172.2612214,
        "bs": null,
        "mode": "lineareval"
    },
    "results": {
        "epochs": 19,
        "epoch.time": 14.400289714336395,
        "epoch.sample_time": 0.0,
        "train.time": 1.9656752467155456,
        "val.time": 12.43461446762085,
        "train.sample_time": 0.002457094058394432,
        "val.sample_time": 0.0015543268084526063,
        "train.acc": 0.9975,
        "train.loss": 9.999,
        "val.acc": 0.9545,
        "val.loss": 9.999
    },
    "train": [
        {
            "epoch": 0,
            "sample": 800,
            "lr": 0.001,
            "loss": 1.4167025804519653,
            "acc": 0.56125,
            "time": 1.834883689880371,
            "time_start": 1626420879.328035,
            "time_finish": 1626420881.1629188,
            "time_cost": 1.834883689880371
        },
        {
            "epoch": 1,
            "sample": 800,
            "lr": 0.001,
            "loss": 0.3878049510717392,
            "acc": 0.8875,
            "time": 1.757713794708252,
            "time_start": 1626420893.362294,
            "time_finish": 1626420895.1200078,
            "time_cost": 1.757713794708252
        },
        {
            "epoch": 2,
            "sample": 800,
            "lr": 0.001,
            "loss": 0.2624773649871349,
            "acc": 0.91375,
            "time": 2.0123510360717773,
            "time_start": 1626420907.7218347,
            "time_finish": 1626420909.7341857,
            "time_cost": 2.0123510360717773
        },
        {
            "epoch": 3,
            "sample": 800,
            "lr": 0.001,
            "loss": 0.15103388018906116,
            "acc": 0.9525,
            "time": 1.95261549949646,
            "time_start": 1626420922.1863053,
            "time_finish": 1626420924.1389208,
            "time_cost": 1.95261549949646
        },
        {
            "epoch": 4,
            "sample": 800,
            "lr": 0.001,
            "loss": 0.1321654024720192,
            "acc": 0.95875,
            "time": 1.935831069946289,
            "time_start": 1626420936.8720508,
            "time_finish": 1626420938.8078818,
            "time_cost": 1.935831069946289
        },
        {
            "epoch": 5,
            "sample": 800,
            "lr": 0.0005,
            "loss": 0.11034342512488365,
            "acc": 0.96625,
            "time": 2.0179054737091064,
            "time_start": 1626420951.2659798,
            "time_finish": 1626420953.2838852,
            "time_cost": 2.0179054737091064
        },
        {
            "epoch": 6,
            "sample": 800,
            "lr": 0.0005,
            "loss": 0.08166281366720796,
            "acc": 0.97625,
            "time": 2.0076708793640137,
            "time_start": 1626420965.7908146,
            "time_finish": 1626420967.7984855,
            "time_cost": 2.0076708793640137
        },
        {
            "epoch": 7,
            "sample": 800,
            "lr": 0.0005,
            "loss": 0.05395814977586269,
            "acc": 0.9825,
            "time": 2.0011343955993652,
            "time_start": 1626420980.537227,
            "time_finish": 1626420982.5383613,
            "time_cost": 2.0011343955993652
        },
        {
            "epoch": 8,
            "sample": 800,
            "lr": 0.0005,
            "loss": 0.0677931909263134,
            "acc": 0.98375,
            "time": 1.9380271434783936,
            "time_start": 1626420995.2962403,
            "time_finish": 1626420997.2342675,
            "time_cost": 1.9380271434783936
        },
        {
            "epoch": 9,
            "sample": 800,
            "lr": 0.0005,
            "loss": 0.05186304587870836,
            "acc": 0.98375,
            "time": 2.00681734085083,
            "time_start": 1626421009.9036174,
            "time_finish": 1626421011.9104347,
            "time_cost": 2.00681734085083
        },
        {
            "epoch": 10,
            "sample": 800,
            "lr": 0.00025,
            "loss": 0.054196476563811304,
            "acc": 0.98,
            "time": 2.0084962844848633,
            "time_start": 1626421025.0202162,
            "time_finish": 1626421027.0287125,
            "time_cost": 2.0084962844848633
        },
        {
            "epoch": 11,
            "sample": 800,
            "lr": 0.00025,
            "loss": 0.022169198244810104,
            "acc": 0.99625,
            "time": 1.9429130554199219,
            "time_start": 1626421039.843144,
            "time_finish": 1626421041.786057,
            "time_cost": 1.9429130554199219
        },
        {
            "epoch": 12,
            "sample": 800,
            "lr": 0.00025,
            "loss": 0.020252058682963252,
            "acc": 0.995,
            "time": 1.961449384689331,
            "time_start": 1626421054.2653303,
            "time_finish": 1626421056.2267797,
            "time_cost": 1.961449384689331
        },
        {
            "epoch": 13,
            "sample": 800,
            "lr": 0.00025,
            "loss": 0.03343605414964259,
            "acc": 0.99,
            "time": 1.9810848236083984,
            "time_start": 1626421068.7965658,
            "time_finish": 1626421070.7776506,
            "time_cost": 1.9810848236083984
        },
        {
            "epoch": 14,
            "sample": 800,
            "lr": 0.00025,
            "loss": 0.02515772433951497,
            "acc": 0.99375,
            "time": 1.9481115341186523,
            "time_start": 1626421083.6174355,
            "time_finish": 1626421085.565547,
            "time_cost": 1.9481115341186523
        },
        {
            "epoch": 15,
            "sample": 800,
            "lr": 0.000125,
            "loss": 0.02616153871640563,
            "acc": 0.99625,
            "time": 1.9745361804962158,
            "time_start": 1626421098.7863894,
            "time_finish": 1626421100.7609255,
            "time_cost": 1.9745361804962158
        },
        {
            "epoch": 16,
            "sample": 800,
            "lr": 0.000125,
            "loss": 0.03519602875225246,
            "acc": 0.98625,
            "time": 1.9826159477233887,
            "time_start": 1626421113.4284189,
            "time_finish": 1626421115.4110348,
            "time_cost": 1.9826159477233887
        },
        {
            "epoch": 17,
            "sample": 800,
            "lr": 0.000125,
            "loss": 0.01696479756385088,
            "acc": 0.9975,
            "time": 2.0202293395996094,
            "time_start": 1626421128.2853558,
            "time_finish": 1626421130.3055851,
            "time_cost": 2.0202293395996094
        },
        {
            "epoch": 18,
            "sample": 800,
            "lr": 0.000125,
            "loss": 0.02080644723959267,
            "acc": 0.9925,
            "time": 2.0627658367156982,
            "time_start": 1626421143.2347014,