{
    "info": {
        "device": "cuda",
        "epoch": 20,
        "dataset": "stl10",
        "data_path": "/host/ubuntu/torch",
        "bs": 32,
        "root_path": "/host/ubuntu/torch",
        "arch": "wide_resnet101_2",
        "lr": 0.001,
        "lr_scheduler": "step",
        "lr_step": 5,
        "lr_gamma": 0.5,
        "lr_scale": 0.1,
        "limit_train": 0,
        "limit_test": 0,
        "stats_fp": "./logs/massA/stats_210716_043205.json",
        "lineareval": true,
        "earlystop_epoch": 5,
        "pretrained": true,
        "note": "",
        "opt": "adamw",
        "fc": [
            512,
            128,
            32
        ],
        "image_size": 224
    },
    "telem": {
        "hardware": "1x3090",
        "sample_count_train": 5000,
        "sample_count_val": 8000,
        "completed": false,
        "time_stamp": "210716_043205",
        "time_start": 1626409945.259906,
        "time_finish": 1626411187.2547119,
        "time_elapsed": 1241.9948058128357,
        "time_updated": 1626411187.2547235,
        "bs": null,
        "mode": "lineareval"
    },
    "results": {
        "epochs": 19,
        "epoch.time": 61.880778467655176,
        "epoch.sample_time": 0.0,
        "train.time": 23.944421458244324,
        "val.time": 37.936357009410855,
        "train.sample_time": 0.004788884291648865,
        "val.sample_time": 0.004742044626176357,
        "train.acc": 0.9774,
        "train.loss": 9.999,
        "val.acc": 0.957375,
        "val.loss": 9.999
    },
    "train": [
        {
            "epoch": 0,
            "sample": 5000,
            "lr": 0.0010000000000000002,
            "loss": 0.5779740045404738,
            "acc": 0.8188,
            "time": 23.991352319717407,
            "time_start": 1626409945.259906,
            "time_finish": 1626409969.2512584,
            "time_cost": 23.991352319717407
        },
        {
            "epoch": 1,
            "sample": 5000,
            "lr": 0.0010000000000000002,
            "loss": 0.24312584013173913,
            "acc": 0.9266,
            "time": 24.10137104988098,
            "time_start": 1626410007.3951888,
            "time_finish": 1626410031.4965599,
            "time_cost": 24.10137104988098
        },
        {
            "epoch": 2,
            "sample": 5000,
            "lr": 0.0010000000000000002,
            "loss": 0.21920611404451976,
            "acc": 0.9318,
            "time": 23.992973804473877,
            "time_start": 1626410069.6199987,
            "time_finish": 1626410093.6129725,
            "time_cost": 23.992973804473877
        },
        {
            "epoch": 3,
            "sample": 5000,
            "lr": 0.0010000000000000002,
            "loss": 0.19274112222728076,
            "acc": 0.9362,
            "time": 23.81547474861145,
            "time_start": 1626410131.708279,
            "time_finish": 1626410155.5237536,
            "time_cost": 23.81547474861145
        },
        {
            "epoch": 4,
            "sample": 5000,
            "lr": 0.0010000000000000002,
            "loss": 0.16850505987253445,
            "acc": 0.9446,
            "time": 24.063146591186523,
            "time_start": 1626410193.6529398,
            "time_finish": 1626410217.7160864,
            "time_cost": 24.063146591186523
        },
        {
            "epoch": 5,
            "sample": 5000,
            "lr": 0.0005000000000000001,
            "loss": 0.13540785600116867,
            "acc": 0.9588,
            "time": 24.013184309005737,
            "time_start": 1626410255.8017144,
            "time_finish": 1626410279.8148987,
            "time_cost": 24.013184309005737
        },
        {
            "epoch": 6,
            "sample": 5000,
            "lr": 0.0005000000000000001,
            "loss": 0.13589715257963272,
            "acc": 0.9546,
            "time": 24.111618041992188,
            "time_start": 1626410317.9432719,
            "time_finish": 1626410342.05489,
            "time_cost": 24.111618041992188
        },
        {
            "epoch": 7,
            "sample": 5000,
            "lr": 0.0005000000000000001,
            "loss": 0.12447936169115031,
            "acc": 0.9598,
            "time": 24.02480125427246,
            "time_start": 1626410380.1841779,
            "time_finish": 1626410404.2089791,
            "time_cost": 24.02480125427246
        },
        {
            "epoch": 8,
            "sample": 5000,
            "lr": 0.0005000000000000001,
            "loss": 0.11706311375964551,
            "acc": 0.9608,
            "time": 24.025701999664307,
            "time_start": 1626410442.363006,
            "time_finish": 1626410466.388708,
            "time_cost": 24.025701999664307
        },
        {
            "epoch": 9,
            "sample": 5000,
            "lr": 0.0005000000000000001,
            "loss": 0.11386456314005718,
            "acc": 0.9604,
            "time": 23.89279079437256,
            "time_start": 1626410504.5150769,
            "time_finish": 1626410528.4078677,
            "time_cost": 23.89279079437256
        },
        {
            "epoch": 10,
            "sample": 5000,
            "lr": 0.00025000000000000006,
            "loss": 0.09057084913068944,
            "acc": 0.9696,
            "time": 22.757776975631714,
            "time_start": 1626410566.3678787,
            "time_finish": 1626410589.1256557,
            "time_cost": 22.757776975631714
        },
        {
            "epoch": 11,
            "sample": 5000,
            "lr": 0.00025000000000000006,
            "loss": 0.08313664645668428,
            "acc": 0.9746,
            "time": 24.000476121902466,
            "time_start": 1626410627.3355987,
            "time_finish": 1626410651.3360748,
            "time_cost": 24.000476121902466
        },
        {
            "epoch": 12,
            "sample": 5000,
            "lr": 0.00025000000000000006,
            "loss": 0.08812042847008794,
            "acc": 0.9712,
            "time": 23.92346739768982,
            "time_start": 1626410689.5155096,
            "time_finish": 1626410713.438977,
            "time_cost": 23.92346739768982
        },
        {
            "epoch": 13,
            "sample": 5000,
            "lr": 0.00025000000000000006,
            "loss": 0.0966611362483566,
            "acc": 0.9678,
            "time": 23.92288088798523,
            "time_start": 1626410751.6480424,
            "time_finish": 1626410775.5709233,
            "time_cost": 23.92288088798523
        },
        {
            "epoch": 14,
            "sample": 5000,
            "lr": 0.00025000000000000006,
            "loss": 0.09626214285707398,
            "acc": 0.967,
            "time": 24.046029329299927,
            "time_start": 1626410813.8039942,
            "time_finish": 1626410837.8500235,
            "time_cost": 24.046029329299927
        },
        {
            "epoch": 15,
            "sample": 5000,
            "lr": 0.00012500000000000003,
            "loss": 0.07108269657221901,
            "acc": 0.9774,
            "time": 23.938406467437744,
            "time_start": 1626410876.0633903,
            "time_finish": 1626410900.0017967,
            "time_cost": 23.938406467437744
        },
        {
            "epoch": 16,
            "sample": 5000,
            "lr": 0.00012500000000000003,
            "loss": 0.08100827228779175,
            "acc": 0.9724,
            "time": 24.024214029312134,
            "time_start": 1626410938.23266,
            "time_finish": 1626410962.256874,
            "time_cost": 24.024214029312134
        },
        {
            "epoch": 17,
            "sample": 5000,
            "lr": 0.00012500000000000003,
            "loss": 0.07196325044055725,
            "acc": 0.975,
            "time": 24.093302965164185,
            "time_start": 1626411000.3367965,
            "time_finish": 1626411024.4300995,