{
    "info": {
        "device": "cuda",
        "epoch": 20,
        "dataset": "stl10",
        "data_path": "/host/ubuntu/torch",
        "bs": 32,
        "root_path": "/host/ubuntu/torch",
        "arch": "swin_base_patch4_window12_384",
        "lr": 0.001,
        "lr_scheduler": "step",
        "lr_step": 5,
        "lr_gamma": 0.5,
        "lr_scale": 0.1,
        "limit_train": 100,
        "limit_test": 0,
        "stats_fp": "./logs/massA/stats_210716_133217.json",
        "lineareval": true,
        "earlystop_epoch": 5,
        "pretrained": true,
        "note": "",
        "opt": "adamw",
        "fc": [
            512,
            128,
            32
        ],
        "image_size": 384
    },
    "telem": {
        "hardware": "1x3090",
        "sample_count_train": 100,
        "sample_count_val": 8000,
        "completed": false,
        "time_stamp": "210716_133217",
        "time_start": 1626442351.1799817,
        "time_finish": 1626443867.850499,
        "time_elapsed": 1516.670517206192,
        "time_updated": 1626443867.8505096,
        "bs": null,
        "mode": "lineareval"
    },
    "results": {
        "epochs": 19,
        "epoch.time": 75.59470517635346,
        "epoch.sample_time": 0.0,
        "train.time": 1.9858808040618896,
        "val.time": 73.60882437229156,
        "train.sample_time": 0.019858808040618896,
        "val.sample_time": 0.009201103046536445,
        "train.acc": 1.0,
        "train.loss": 9.999,
        "val.acc": 0.9505,
        "val.loss": 9.999
    },
    "train": [
        {
            "epoch": 0,
            "sample": 100,
            "lr": 0.001,
            "loss": 2.270965874195099,
            "acc": 0.3,
            "time": 5.524885654449463,
            "time_start": 1626442351.1799817,
            "time_finish": 1626442356.7048674,
            "time_cost": 5.524885654449463
        },
        {
            "epoch": 1,
            "sample": 100,
            "lr": 0.001,
            "loss": 2.0827371180057526,
            "acc": 0.84,
            "time": 1.8016197681427002,
            "time_start": 1626442430.1730223,
            "time_finish": 1626442431.974642,
            "time_cost": 1.8016197681427002
        },
        {
            "epoch": 2,
            "sample": 100,
            "lr": 0.001,
            "loss": 1.6258283853530884,
            "acc": 0.74,
            "time": 1.7237355709075928,
            "time_start": 1626442505.6782594,
            "time_finish": 1626442507.401995,
            "time_cost": 1.7237355709075928
        },
        {
            "epoch": 3,
            "sample": 100,
            "lr": 0.001,
            "loss": 1.3332352936267853,
            "acc": 0.72,
            "time": 1.9153013229370117,
            "time_start": 1626442582.1664927,
            "time_finish": 1626442584.081794,
            "time_cost": 1.9153013229370117
        },
        {
            "epoch": 4,
            "sample": 100,
            "lr": 0.001,
            "loss": 0.7862452864646912,
            "acc": 0.87,
            "time": 1.9025676250457764,
            "time_start": 1626442659.7047293,
            "time_finish": 1626442661.607297,
            "time_cost": 1.9025676250457764
        },
        {
            "epoch": 5,
            "sample": 100,
            "lr": 0.0005,
            "loss": 0.47832149267196655,
            "acc": 0.91,
            "time": 1.8903803825378418,
            "time_start": 1626442737.3459027,
            "time_finish": 1626442739.236283,
            "time_cost": 1.8903803825378418
        },
        {
            "epoch": 6,
            "sample": 100,
            "lr": 0.0005,
            "loss": 0.3008901849389076,
            "acc": 0.96,
            "time": 1.8714985847473145,
            "time_start": 1626442814.867974,
            "time_finish": 1626442816.7394726,
            "time_cost": 1.8714985847473145
        },
        {
            "epoch": 7,
            "sample": 100,
            "lr": 0.0005,
            "loss": 0.3479790426790714,
            "acc": 0.97,
            "time": 1.729848861694336,
            "time_start": 1626442890.8823752,
            "time_finish": 1626442892.612224,
            "time_cost": 1.729848861694336
        },
        {
            "epoch": 8,
            "sample": 100,
            "lr": 0.0005,
            "loss": 0.16014222241938114,
            "acc": 0.99,
            "time": 1.7427639961242676,
            "time_start": 1626442966.0779238,
            "time_finish": 1626442967.8206878,
            "time_cost": 1.7427639961242676
        },
        {
            "epoch": 9,
            "sample": 100,
            "lr": 0.0005,
            "loss": 0.0647387895733118,
            "acc": 1.0,
            "time": 1.8237061500549316,
            "time_start": 1626443041.5500226,
            "time_finish": 1626443043.3737288,
            "time_cost": 1.8237061500549316
        },
        {
            "epoch": 10,
            "sample": 100,
            "lr": 0.00025,
            "loss": 0.04725000914186239,
            "acc": 1.0,
            "time": 1.7629399299621582,
            "time_start": 1626443116.8354576,
            "time_finish": 1626443118.5983975,
            "time_cost": 1.7629399299621582
        },
        {
            "epoch": 11,
            "sample": 100,
            "lr": 0.00025,
            "loss": 0.042951235082000494,
            "acc": 1.0,
            "time": 1.8028664588928223,
            "time_start": 1626443192.0009987,
            "time_finish": 1626443193.8038652,
            "time_cost": 1.8028664588928223
        },
        {
            "epoch": 12,
            "sample": 100,
            "lr": 0.00025,
            "loss": 0.03371483157388866,
            "acc": 1.0,
            "time": 1.7530488967895508,
            "time_start": 1626443267.5124512,
            "time_finish": 1626443269.2655,
            "time_cost": 1.7530488967895508
        },
        {
            "epoch": 13,
            "sample": 100,
            "lr": 0.00025,
            "loss": 0.05165646784007549,
            "acc": 1.0,
            "time": 1.7659416198730469,
            "time_start": 1626443342.7847548,
            "time_finish": 1626443344.5506964,
            "time_cost": 1.7659416198730469
        },
        {
            "epoch": 14,
            "sample": 100,
            "lr": 0.00025,
            "loss": 0.0219634254463017,
            "acc": 1.0,
            "time": 1.7213134765625,
            "time_start": 1626443418.0808592,
            "time_finish": 1626443419.8021727,
            "time_cost": 1.7213134765625
        },
        {
            "epoch": 15,
            "sample": 100,
            "lr": 0.000125,
            "loss": 0.015524466056376696,
            "acc": 1.0,
            "time": 1.8233857154846191,
            "time_start": 1626443493.379727,
            "time_finish": 1626443495.2031126,
            "time_cost": 1.8233857154846191
        },
        {
            "epoch": 16,
            "sample": 100,
            "lr": 0.000125,
            "loss": 0.02514380542561412,
            "acc": 1.0,
            "time": 1.7804419994354248,
            "time_start": 1626443568.370831,
            "time_finish": 1626443570.151273,
            "time_cost": 1.7804419994354248
        },
        {
            "epoch": 17,
            "sample": 100,
            "lr": 0.000125,
            "loss": 0.015047504333779216,
            "acc": 1.0,
            "time": 1.818319320678711,
            "time_start": 1626443643.1990879,
            "time_finish": 1626443645.0174072,
            "time_cost": 1.818319320678711
        },
        {
            "epoch": 18,
            "sample": 100,
            "lr": 0.000125,
            "loss": 0.014699208550155163,
            "acc": 1.0,
            "time": 1.7595677375793457,
            "time_start": 1626443718.0848293,
            "time_finish": 1626443719.844397,