{
    "info": {
        "device": "cuda",
        "epoch": 20,
        "dataset": "stl10",
        "data_path": "/host/ubuntu/torch",
        "bs": 32,
        "root_path": "/host/ubuntu/torch",
        "arch": "dino_vitb8",
        "lr": 0.001,
        "lr_scheduler": "step",
        "lr_step": 5,
        "lr_gamma": 0.5,
        "lr_scale": 0.1,
        "limit_train": 200,
        "limit_test": 0,
        "stats_fp": "./logs/massA/stats_210716_122301.json",
        "lineareval": true,
        "earlystop_epoch": 5,
        "pretrained": true,
        "note": "",
        "opt": "adamw",
        "fc": [
            512,
            128,
            32
        ],
        "image_size": 224
    },
    "telem": {
        "hardware": "1x3090",
        "sample_count_train": 200,
        "sample_count_val": 8000,
        "completed": false,
        "time_stamp": "210716_122301",
        "time_start": 1626438195.0878947,
        "time_finish": 1626439789.1560795,
        "time_elapsed": 1594.0681848526,
        "time_updated": 1626439789.156087,
        "bs": null,
        "mode": "lineareval"
    },
    "results": {
        "epochs": 19,
        "epoch.time": 79.48475741147995,
        "epoch.sample_time": 0.0,
        "train.time": 2.8046100735664368,
        "val.time": 76.68014733791351,
        "train.sample_time": 0.014023050367832184,
        "val.sample_time": 0.009585018417239188,
        "train.acc": 1.0,
        "train.loss": 9.999,
        "val.acc": 0.9825,
        "val.loss": 9.999
    },
    "train": [
        {
            "epoch": 0,
            "sample": 200,
            "lr": 0.001,
            "loss": 1.7752031428473336,
            "acc": 0.515,
            "time": 6.4631359577178955,
            "time_start": 1626438195.0878947,
            "time_finish": 1626438201.5510306,
            "time_cost": 6.4631359577178955
        },
        {
            "epoch": 1,
            "sample": 200,
            "lr": 0.001,
            "loss": 0.434364521077701,
            "acc": 0.885,
            "time": 2.611191511154175,
            "time_start": 1626438277.9957054,
            "time_finish": 1626438280.6068969,
            "time_cost": 2.611191511154175
        },
        {
            "epoch": 2,
            "sample": 200,
            "lr": 0.001,
            "loss": 0.05763826998216765,
            "acc": 1.0,
            "time": 2.6304519176483154,
            "time_start": 1626438357.5315516,
            "time_finish": 1626438360.1620035,
            "time_cost": 2.6304519176483154
        },
        {
            "epoch": 3,
            "sample": 200,
            "lr": 0.001,
            "loss": 0.014296692729528462,
            "acc": 1.0,
            "time": 2.5986084938049316,
            "time_start": 1626438436.995712,
            "time_finish": 1626438439.5943205,
            "time_cost": 2.5986084938049316
        },
        {
            "epoch": 4,
            "sample": 200,
            "lr": 0.001,
            "loss": 0.0014883263585423784,
            "acc": 1.0,
            "time": 2.658909559249878,
            "time_start": 1626438516.4707413,
            "time_finish": 1626438519.1296508,
            "time_cost": 2.658909559249878
        },
        {
            "epoch": 5,
            "sample": 200,
            "lr": 0.0005,
            "loss": 0.002909975575416216,
            "acc": 1.0,
            "time": 2.606278657913208,
            "time_start": 1626438596.1651828,
            "time_finish": 1626438598.7714615,
            "time_cost": 2.606278657913208
        },
        {
            "epoch": 6,
            "sample": 200,
            "lr": 0.0005,
            "loss": 0.0007463473178047154,
            "acc": 1.0,
            "time": 2.616166830062866,
            "time_start": 1626438675.7159061,
            "time_finish": 1626438678.332073,
            "time_cost": 2.616166830062866
        },
        {
            "epoch": 7,
            "sample": 200,
            "lr": 0.0005,
            "loss": 0.0003278482077543491,
            "acc": 1.0,
            "time": 2.6057324409484863,
            "time_start": 1626438755.2720895,
            "time_finish": 1626438757.877822,
            "time_cost": 2.6057324409484863
        },
        {
            "epoch": 8,
            "sample": 200,
            "lr": 0.0005,
            "loss": 0.0002738927713445654,
            "acc": 1.0,
            "time": 2.5876712799072266,
            "time_start": 1626438834.7962153,
            "time_finish": 1626438837.3838866,
            "time_cost": 2.5876712799072266
        },
        {
            "epoch": 9,
            "sample": 200,
            "lr": 0.0005,
            "loss": 0.0001671463370647481,
            "acc": 1.0,
            "time": 2.629828691482544,
            "time_start": 1626438914.3075361,
            "time_finish": 1626438916.9373648,
            "time_cost": 2.629828691482544
        },
        {
            "epoch": 10,
            "sample": 200,
            "lr": 0.00025,
            "loss": 0.00018077710722406794,
            "acc": 1.0,
            "time": 2.5965943336486816,
            "time_start": 1626438993.8768573,
            "time_finish": 1626438996.4734516,
            "time_cost": 2.5965943336486816
        },
        {
            "epoch": 11,
            "sample": 200,
            "lr": 0.00025,
            "loss": 0.00015284468411534493,
            "acc": 1.0,
            "time": 2.5759568214416504,
            "time_start": 1626439073.4757845,
            "time_finish": 1626439076.0517414,
            "time_cost": 2.5759568214416504
        },
        {
            "epoch": 12,
            "sample": 200,
            "lr": 0.00025,
            "loss": 0.00019606920562052567,
            "acc": 1.0,
            "time": 2.62760853767395,
            "time_start": 1626439153.052555,
            "time_finish": 1626439155.6801636,
            "time_cost": 2.62760853767395
        },
        {
            "epoch": 13,
            "sample": 200,
            "lr": 0.00025,
            "loss": 0.00016299647021306946,
            "acc": 1.0,
            "time": 2.6001267433166504,
            "time_start": 1626439232.6393762,
            "time_finish": 1626439235.239503,
            "time_cost": 2.6001267433166504
        },
        {
            "epoch": 14,
            "sample": 200,
            "lr": 0.00025,
            "loss": 0.0001294215097524492,
            "acc": 1.0,
            "time": 2.5954575538635254,
            "time_start": 1626439312.2567396,
            "time_finish": 1626439314.8521972,
            "time_cost": 2.5954575538635254
        },
        {
            "epoch": 15,
            "sample": 200,
            "lr": 0.000125,
            "loss": 0.00013861099692543836,
            "acc": 1.0,
            "time": 2.6093225479125977,
            "time_start": 1626439391.724852,
            "time_finish": 1626439394.3341746,
            "time_cost": 2.6093225479125977
        },
        {
            "epoch": 16,
            "sample": 200,
            "lr": 0.000125,
            "loss": 0.00015930715848558715,
            "acc": 1.0,
            "time": 2.6739661693573,
            "time_start": 1626439471.0451605,
            "time_finish": 1626439473.7191267,
            "time_cost": 2.6739661693573
        },
        {
            "epoch": 17,
            "sample": 200,
            "lr": 0.000125,
            "loss": 0.00014939558708907237,
            "acc": 1.0,
            "time": 2.592395544052124,
            "time_start": 1626439550.789416,
            "time_finish": 1626439553.3818116,
            "time_cost": 2.592395544052124
        },
        {
            "epoch": 18,
            "sample": 200,
            "lr": 0.000125,
            "loss": 0.00012723043099478154,
            "acc": 1.0,
            "time": 2.636744737625122,
            "time_start": 1626439630.310111,
            "time_finish": 1626439632.9468558,