{
    "info": {
        "device": "cuda",
        "epoch": 20,
        "dataset": "stl10",
        "data_path": "/host/ubuntu/torch",
        "bs": 32,
        "root_path": "/host/ubuntu/torch",
        "arch": "swin_base_patch4_window12_384",
        "lr": 0.001,
        "lr_scheduler": "step",
        "lr_step": 5,
        "lr_gamma": 0.5,
        "lr_scale": 0.1,
        "limit_train": 0,
        "limit_test": 0,
        "stats_fp": "./logs/massA/stats_210715_220119.json",
        "lineareval": true,
        "earlystop_epoch": 5,
        "pretrained": true,
        "note": "",
        "opt": "adamw",
        "fc": [
            512,
            128,
            32
        ],
        "image_size": 384
    },
    "telem": {
        "hardware": "1x3090",
        "sample_count_train": 5000,
        "sample_count_val": 8000,
        "completed": false,
        "time_stamp": "210715_220119",
        "time_start": 1626386513.7482078,
        "time_finish": 1626390887.3370755,
        "time_elapsed": 4373.588867664337,
        "time_updated": 1626390887.3370817,
        "bs": null,
        "mode": "lineareval"
    },
    "results": {
        "epochs": 19,
        "epoch.time": 218.43888577222825,
        "epoch.sample_time": 0.0,
        "train.time": 84.41767981052399,
        "val.time": 134.02120596170425,
        "train.sample_time": 0.0168835359621048,
        "val.sample_time": 0.01675265074521303,
        "train.acc": 0.9998,
        "train.loss": 9.999,
        "val.acc": 0.98625,
        "val.loss": 9.999
    },
    "train": [
        {
            "epoch": 0,
            "sample": 5000,
            "lr": 0.0010000000000000002,
            "loss": 0.2847751887621963,
            "acc": 0.9528,
            "time": 89.39006543159485,
            "time_start": 1626386513.7482078,
            "time_finish": 1626386603.1382732,
            "time_cost": 89.39006543159485
        },
        {
            "epoch": 1,
            "sample": 5000,
            "lr": 0.0010000000000000002,
            "loss": 0.03713906942651708,
            "acc": 0.99,
            "time": 83.83229613304138,
            "time_start": 1626386736.2082617,
            "time_finish": 1626386820.0405579,
            "time_cost": 83.83229613304138
        },
        {
            "epoch": 2,
            "sample": 5000,
            "lr": 0.0010000000000000002,
            "loss": 0.021235827343044564,
            "acc": 0.993,
            "time": 83.89677548408508,
            "time_start": 1626386954.0653486,
            "time_finish": 1626387037.962124,
            "time_cost": 83.89677548408508
        },
        {
            "epoch": 3,
            "sample": 5000,
            "lr": 0.0010000000000000002,
            "loss": 0.017065663901428323,
            "acc": 0.9946,
            "time": 84.04019832611084,
            "time_start": 1626387172.061621,
            "time_finish": 1626387256.1018193,
            "time_cost": 84.04019832611084
        },
        {
            "epoch": 4,
            "sample": 5000,
            "lr": 0.0010000000000000002,
            "loss": 0.01874486929030754,
            "acc": 0.9934,
            "time": 84.01197099685669,
            "time_start": 1626387390.1170464,
            "time_finish": 1626387474.1290174,
            "time_cost": 84.01197099685669
        },
        {
            "epoch": 5,
            "sample": 5000,
            "lr": 0.0005000000000000001,
            "loss": 0.009624669976262924,
            "acc": 0.9964,
            "time": 84.15818953514099,
            "time_start": 1626387608.1882815,
            "time_finish": 1626387692.346471,
            "time_cost": 84.15818953514099
        },
        {
            "epoch": 6,
            "sample": 5000,
            "lr": 0.0005000000000000001,
            "loss": 0.006607909507026776,
            "acc": 0.998,
            "time": 84.18343997001648,
            "time_start": 1626387826.5901918,
            "time_finish": 1626387910.7736318,
            "time_cost": 84.18343997001648
        },
        {
            "epoch": 7,
            "sample": 5000,
            "lr": 0.0005000000000000001,
            "loss": 0.006607319989349084,
            "acc": 0.9982,
            "time": 84.0412290096283,
            "time_start": 1626388044.9330099,
            "time_finish": 1626388128.9742389,
            "time_cost": 84.0412290096283
        },
        {
            "epoch": 8,
            "sample": 5000,
            "lr": 0.0005000000000000001,
            "loss": 0.007287281814083115,
            "acc": 0.9976,
            "time": 84.1727945804596,
            "time_start": 1626388263.1947815,
            "time_finish": 1626388347.3675761,
            "time_cost": 84.1727945804596
        },
        {
            "epoch": 9,
            "sample": 5000,
            "lr": 0.0005000000000000001,
            "loss": 0.0035541868970441755,
            "acc": 0.9986,
            "time": 84.06172966957092,
            "time_start": 1626388481.5434914,
            "time_finish": 1626388565.605221,
            "time_cost": 84.06172966957092
        },
        {
            "epoch": 10,
            "sample": 5000,
            "lr": 0.00025000000000000006,
            "loss": 0.0020319787359466125,
            "acc": 0.9992,
            "time": 84.03579020500183,
            "time_start": 1626388699.6347156,
            "time_finish": 1626388783.6705058,
            "time_cost": 84.03579020500183
        },
        {
            "epoch": 11,
            "sample": 5000,
            "lr": 0.00025000000000000006,
            "loss": 0.0023195863050552512,
            "acc": 0.9994,
            "time": 84.1334719657898,
            "time_start": 1626388917.7998228,
            "time_finish": 1626389001.9332948,
            "time_cost": 84.1334719657898
        },
        {
            "epoch": 12,
            "sample": 5000,
            "lr": 0.00025000000000000006,
            "loss": 0.002130183128026442,
            "acc": 0.9994,
            "time": 84.28078126907349,
            "time_start": 1626389136.465312,
            "time_finish": 1626389220.7460933,
            "time_cost": 84.28078126907349
        },
        {
            "epoch": 13,
            "sample": 5000,
            "lr": 0.00025000000000000006,
            "loss": 0.0012277064523925892,
            "acc": 0.9998,
            "time": 84.18437337875366,
            "time_start": 1626389355.223267,
            "time_finish": 1626389439.4076405,
            "time_cost": 84.18437337875366
        },
        {
            "epoch": 14,
            "sample": 5000,
            "lr": 0.00025000000000000006,
            "loss": 0.0027477804287569874,
            "acc": 0.999,
            "time": 84.22697162628174,
            "time_start": 1626389573.953804,
            "time_finish": 1626389658.1807756,
            "time_cost": 84.22697162628174
        },
        {
            "epoch": 15,
            "sample": 5000,
            "lr": 0.00012500000000000003,
            "loss": 0.0034035952745415767,
            "acc": 0.9994,
            "time": 84.25678706169128,
            "time_start": 1626389792.8266091,
            "time_finish": 1626389877.0833962,
            "time_cost": 84.25678706169128
        },
        {
            "epoch": 16,
            "sample": 5000,
            "lr": 0.00012500000000000003,
            "loss": 0.0018089898403457969,
            "acc": 0.9992,
            "time": 84.45881271362305,
            "time_start": 1626390011.5952861,
            "time_finish": 1626390096.0540988,
            "time_cost": 84.45881271362305
        },
        {
            "epoch": 17,
            "sample": 5000,
            "lr": 0.00012500000000000003,
            "loss": 0.0011631928506541293,
            "acc": 0.9994,
            "time": 84.26892852783203,
            "time_start": 1626390230.523351,
            "time_finish": 1626390314.7922795,