{
    "info": {
        "device": "cuda",
        "epoch": 20,
        "dataset": "stl10",
        "data_path": "/host/ubuntu/torch",
        "bs": 32,
        "root_path": "/host/ubuntu/torch",
        "arch": "wide_resnet101_2",
        "lr": 0.001,
        "lr_scheduler": "step",
        "lr_step": 5,
        "lr_gamma": 0.5,
        "lr_scale": 0.1,
        "limit_train": 800,
        "limit_test": 0,
        "stats_fp": "./logs/massA/stats_210716_075520.json",
        "lineareval": true,
        "earlystop_epoch": 5,
        "pretrained": true,
        "note": "",
        "opt": "adamw",
        "fc": [
            512,
            128,
            32
        ],
        "image_size": 224
    },
    "telem": {
        "hardware": "1x3090",
        "sample_count_train": 800,
        "sample_count_val": 8000,
        "completed": false,
        "time_stamp": "210716_075520",
        "time_start": 1626422138.086368,
        "time_finish": 1626422634.0305839,
        "time_elapsed": 495.94421577453613,
        "time_updated": 1626422634.0305939,
        "bs": null,
        "mode": "lineareval"
    },
    "results": {
        "epochs": 19,
        "epoch.time": 24.55592712163925,
        "epoch.sample_time": 0.0,
        "train.time": 2.838013970851898,
        "val.time": 21.717913150787354,
        "train.sample_time": 0.0035475174635648727,
        "val.sample_time": 0.002714739143848419,
        "train.acc": 0.99375,
        "train.loss": 9.999,
        "val.acc": 0.943625,
        "val.loss": 9.999
    },
    "train": [
        {
            "epoch": 0,
            "sample": 800,
            "lr": 0.001,
            "loss": 1.4589579224586486,
            "acc": 0.53125,
            "time": 2.6855294704437256,
            "time_start": 1626422138.086368,
            "time_finish": 1626422140.7718976,
            "time_cost": 2.6855294704437256
        },
        {
            "epoch": 1,
            "sample": 800,
            "lr": 0.001,
            "loss": 0.5693220406770706,
            "acc": 0.82,
            "time": 2.7365944385528564,
            "time_start": 1626422162.112979,
            "time_finish": 1626422164.8495734,
            "time_cost": 2.7365944385528564
        },
        {
            "epoch": 2,
            "sample": 800,
            "lr": 0.001,
            "loss": 0.27105220198631286,
            "acc": 0.92125,
            "time": 2.7038698196411133,
            "time_start": 1626422186.2084134,
            "time_finish": 1626422188.9122832,
            "time_cost": 2.7038698196411133
        },
        {
            "epoch": 3,
            "sample": 800,
            "lr": 0.001,
            "loss": 0.3073877176642418,
            "acc": 0.90875,
            "time": 2.669661283493042,
            "time_start": 1626422210.34093,
            "time_finish": 1626422213.0105913,
            "time_cost": 2.669661283493042
        },
        {
            "epoch": 4,
            "sample": 800,
            "lr": 0.001,
            "loss": 0.19743379253894092,
            "acc": 0.9425,
            "time": 2.7341530323028564,
            "time_start": 1626422234.4644592,
            "time_finish": 1626422237.1986122,
            "time_cost": 2.7341530323028564
        },
        {
            "epoch": 5,
            "sample": 800,
            "lr": 0.0005,
            "loss": 0.12727348662912846,
            "acc": 0.975,
            "time": 2.7057528495788574,
            "time_start": 1626422259.0487852,
            "time_finish": 1626422261.754538,
            "time_cost": 2.7057528495788574
        },
        {
            "epoch": 6,
            "sample": 800,
            "lr": 0.0005,
            "loss": 0.10702012136578559,
            "acc": 0.96875,
            "time": 2.718426465988159,
            "time_start": 1626422283.492791,
            "time_finish": 1626422286.2112174,
            "time_cost": 2.718426465988159
        },
        {
            "epoch": 7,
            "sample": 800,
            "lr": 0.0005,
            "loss": 0.10569533824920654,
            "acc": 0.96375,
            "time": 2.7497761249542236,
            "time_start": 1626422307.936941,
            "time_finish": 1626422310.686717,
            "time_cost": 2.7497761249542236
        },
        {
            "epoch": 8,
            "sample": 800,
            "lr": 0.0005,
            "loss": 0.1245926607772708,
            "acc": 0.9575,
            "time": 2.9719433784484863,
            "time_start": 1626422332.8555589,
            "time_finish": 1626422335.8275023,
            "time_cost": 2.9719433784484863
        },
        {
            "epoch": 9,
            "sample": 800,
            "lr": 0.0005,
            "loss": 0.07979883950203658,
            "acc": 0.97125,
            "time": 2.942451000213623,
            "time_start": 1626422358.2377105,
            "time_finish": 1626422361.1801615,
            "time_cost": 2.942451000213623
        },
        {
            "epoch": 10,
            "sample": 800,
            "lr": 0.00025,
            "loss": 0.06367427160963417,
            "acc": 0.97875,
            "time": 2.8715009689331055,
            "time_start": 1626422383.3732786,
            "time_finish": 1626422386.2447796,
            "time_cost": 2.8715009689331055
        },
        {
            "epoch": 11,
            "sample": 800,
            "lr": 0.00025,
            "loss": 0.06602177599444986,
            "acc": 0.9725,
            "time": 2.934253215789795,
            "time_start": 1626422408.3935306,
            "time_finish": 1626422411.3277838,
            "time_cost": 2.934253215789795
        },
        {
            "epoch": 12,
            "sample": 800,
            "lr": 0.00025,
            "loss": 0.04286852078512311,
            "acc": 0.9875,
            "time": 2.9250898361206055,
            "time_start": 1626422433.5135608,
            "time_finish": 1626422436.4386506,
            "time_cost": 2.9250898361206055
        },
        {
            "epoch": 13,
            "sample": 800,
            "lr": 0.00025,
            "loss": 0.05237185545265675,
            "acc": 0.97875,
            "time": 2.9290452003479004,
            "time_start": 1626422458.463502,
            "time_finish": 1626422461.3925471,
            "time_cost": 2.9290452003479004
        },
        {
            "epoch": 14,
            "sample": 800,
            "lr": 0.00025,
            "loss": 0.04198554566130042,
            "acc": 0.98875,
            "time": 2.9343385696411133,
            "time_start": 1626422483.3756206,
            "time_finish": 1626422486.3099592,
            "time_cost": 2.9343385696411133
        },
        {
            "epoch": 15,
            "sample": 800,
            "lr": 0.000125,
            "loss": 0.05895855082198977,
            "acc": 0.9775,
            "time": 2.870096206665039,
            "time_start": 1626422508.4464025,
            "time_finish": 1626422511.3164988,
            "time_cost": 2.870096206665039
        },
        {
            "epoch": 16,
            "sample": 800,
            "lr": 0.000125,
            "loss": 0.04628634802997112,
            "acc": 0.985,
            "time": 2.9196653366088867,
            "time_start": 1626422533.4850936,
            "time_finish": 1626422536.404759,
            "time_cost": 2.9196653366088867
        },
        {
            "epoch": 17,
            "sample": 800,
            "lr": 0.000125,
            "loss": 0.05370131604373455,
            "acc": 0.98125,
            "time": 2.9478836059570312,
            "time_start": 1626422558.5565665,
            "time_finish": 1626422561.50445,
            "time_cost": 2.9478836059570312
        },
        {
            "epoch": 18,
            "sample": 800,
            "lr": 0.000125,
            "loss": 0.05536478178575635,
            "acc": 0.9825,
            "time": 2.9017584323883057,
            "time_start": 1626422583.6141393,