{
    "info": {
        "device": "cuda",
        "epoch": 20,
        "dataset": "stl10",
        "data_path": "/host/ubuntu/torch",
        "bs": 32,
        "root_path": "/host/ubuntu/torch",
        "arch": "swin_tiny_patch4_window7_224",
        "lr": 0.001,
        "lr_scheduler": "step",
        "lr_step": 5,
        "lr_gamma": 0.5,
        "lr_scale": 0.1,
        "limit_train": 800,
        "limit_test": 0,
        "stats_fp": "./logs/massA/stats_210716_045309.json",
        "lineareval": true,
        "earlystop_epoch": 5,
        "pretrained": true,
        "note": "",
        "opt": "adamw",
        "fc": [
            512,
            128,
            32
        ],
        "image_size": 224
    },
    "telem": {
        "hardware": "1x3090",
        "sample_count_train": 800,
        "sample_count_val": 8000,
        "completed": false,
        "time_stamp": "210716_045309",
        "time_start": 1626411202.1097825,
        "time_finish": 1626411693.9417014,
        "time_elapsed": 491.83191895484924,
        "time_updated": 1626411693.9417117,
        "bs": null,
        "mode": "lineareval"
    },
    "results": {
        "epochs": 19,
        "epoch.time": 24.374889159202574,
        "epoch.sample_time": 0.0,
        "train.time": 2.9747399926185607,
        "val.time": 21.400149166584015,
        "train.sample_time": 0.003718424990773201,
        "val.sample_time": 0.0026750186458230018,
        "train.acc": 1.0,
        "train.loss": 9.999,
        "val.acc": 0.9675,
        "val.loss": 9.999
    },
    "train": [
        {
            "epoch": 0,
            "sample": 800,
            "lr": 0.001,
            "loss": 1.4302787917852402,
            "acc": 0.77,
            "time": 7.779813528060913,
            "time_start": 1626411202.1097825,
            "time_finish": 1626411209.889596,
            "time_cost": 7.779813528060913
        },
        {
            "epoch": 1,
            "sample": 800,
            "lr": 0.001,
            "loss": 0.1560364693403244,
            "acc": 0.95875,
            "time": 2.7083017826080322,
            "time_start": 1626411231.4418306,
            "time_finish": 1626411234.1501324,
            "time_cost": 2.7083017826080322
        },
        {
            "epoch": 2,
            "sample": 800,
            "lr": 0.001,
            "loss": 0.08434726757928729,
            "acc": 0.97375,
            "time": 2.66936993598938,
            "time_start": 1626411255.8507662,
            "time_finish": 1626411258.520136,
            "time_cost": 2.66936993598938
        },
        {
            "epoch": 3,
            "sample": 800,
            "lr": 0.001,
            "loss": 0.04754718529060483,
            "acc": 0.9875,
            "time": 2.755457878112793,
            "time_start": 1626411280.161185,
            "time_finish": 1626411282.916643,
            "time_cost": 2.755457878112793
        },
        {
            "epoch": 4,
            "sample": 800,
            "lr": 0.001,
            "loss": 0.018163265385664998,
            "acc": 0.99625,
            "time": 2.7845776081085205,
            "time_start": 1626411304.5569825,
            "time_finish": 1626411307.3415601,
            "time_cost": 2.7845776081085205
        },
        {
            "epoch": 5,
            "sample": 800,
            "lr": 0.0005,
            "loss": 0.021170692392624913,
            "acc": 0.9925,
            "time": 2.702826976776123,
            "time_start": 1626411328.897003,
            "time_finish": 1626411331.59983,
            "time_cost": 2.702826976776123
        },
        {
            "epoch": 6,
            "sample": 800,
            "lr": 0.0005,
            "loss": 0.012235787333920597,
            "acc": 0.99625,
            "time": 2.6870458126068115,
            "time_start": 1626411353.118931,
            "time_finish": 1626411355.8059769,
            "time_cost": 2.6870458126068115
        },
        {
            "epoch": 7,
            "sample": 800,
            "lr": 0.0005,
            "loss": 0.01813600726192817,
            "acc": 0.99625,
            "time": 2.7444117069244385,
            "time_start": 1626411377.3305056,
            "time_finish": 1626411380.0749173,
            "time_cost": 2.7444117069244385
        },
        {
            "epoch": 8,
            "sample": 800,
            "lr": 0.0005,
            "loss": 0.014057863582856954,
            "acc": 0.995,
            "time": 2.6925525665283203,
            "time_start": 1626411401.6770003,
            "time_finish": 1626411404.3695529,
            "time_cost": 2.6925525665283203
        },
        {
            "epoch": 9,
            "sample": 800,
            "lr": 0.0005,
            "loss": 0.01734150411793962,
            "acc": 0.99625,
            "time": 2.790677070617676,
            "time_start": 1626411425.884033,
            "time_finish": 1626411428.67471,
            "time_cost": 2.790677070617676
        },
        {
            "epoch": 10,
            "sample": 800,
            "lr": 0.00025,
            "loss": 0.009316192478872836,
            "acc": 0.9975,
            "time": 2.6689388751983643,
            "time_start": 1626411450.2305188,
            "time_finish": 1626411452.8994577,
            "time_cost": 2.6689388751983643
        },
        {
            "epoch": 11,
            "sample": 800,
            "lr": 0.00025,
            "loss": 0.00866888863965869,
            "acc": 0.99875,
            "time": 2.710930824279785,
            "time_start": 1626411474.569985,
            "time_finish": 1626411477.2809157,
            "time_cost": 2.710930824279785
        },
        {
            "epoch": 12,
            "sample": 800,
            "lr": 0.00025,
            "loss": 0.00989454217837192,
            "acc": 0.995,
            "time": 2.7837932109832764,
            "time_start": 1626411498.9412735,
            "time_finish": 1626411501.7250667,
            "time_cost": 2.7837932109832764
        },
        {
            "epoch": 13,
            "sample": 800,
            "lr": 0.00025,
            "loss": 0.00424271218944341,
            "acc": 0.99875,
            "time": 2.674724578857422,
            "time_start": 1626411523.2580345,
            "time_finish": 1626411525.932759,
            "time_cost": 2.674724578857422
        },
        {
            "epoch": 14,
            "sample": 800,
            "lr": 0.00025,
            "loss": 0.003919814225519076,
            "acc": 1.0,
            "time": 2.709742784500122,
            "time_start": 1626411547.643332,
            "time_finish": 1626411550.3530748,
            "time_cost": 2.709742784500122
        },
        {
            "epoch": 15,
            "sample": 800,
            "lr": 0.000125,
            "loss": 0.005508195705479011,
            "acc": 0.99875,
            "time": 2.709214210510254,
            "time_start": 1626411571.9846966,
            "time_finish": 1626411574.6939108,
            "time_cost": 2.709214210510254
        },
        {
            "epoch": 16,
            "sample": 800,
            "lr": 0.000125,
            "loss": 0.008207362486282364,
            "acc": 0.99875,
            "time": 2.6523523330688477,
            "time_start": 1626411596.4060702,
            "time_finish": 1626411599.0584226,
            "time_cost": 2.6523523330688477
        },
        {
            "epoch": 17,
            "sample": 800,
            "lr": 0.000125,
            "loss": 0.012528580853249878,
            "acc": 0.99625,
            "time": 2.7623841762542725,
            "time_start": 1626411620.6969783,
            "time_finish": 1626411623.4593625,
            "time_cost": 2.7623841762542725
        },
        {
            "epoch": 18,
            "sample": 800,
            "lr": 0.000125,
            "loss": 0.01997335420746822,
            "acc": 0.9925,
            "time": 2.73612117767334,
            "time_start": 1626411645.226298,