{
    "info": {
        "device": "cuda",
        "epoch": 20,
        "dataset": "stl10",
        "data_path": "/host/ubuntu/torch",
        "bs": 32,
        "root_path": "/host/ubuntu/torch",
        "arch": "swin_base_patch4_window7_224",
        "lr": 0.001,
        "lr_scheduler": "step",
        "lr_step": 5,
        "lr_gamma": 0.5,
        "lr_scale": 0.1,
        "limit_train": 400,
        "limit_test": 0,
        "stats_fp": "./logs/massA/stats_210716_080915.json",
        "lineareval": true,
        "earlystop_epoch": 5,
        "pretrained": true,
        "note": "",
        "opt": "adamw",
        "fc": [
            512,
            128,
            32
        ],
        "image_size": 224
    },
    "telem": {
        "hardware": "1x3090",
        "sample_count_train": 400,
        "sample_count_val": 8000,
        "completed": false,
        "time_stamp": "210716_080915",
        "time_start": 1626422969.7154965,
        "time_finish": 1626423517.717608,
        "time_elapsed": 548.0021114349365,
        "time_updated": 1626423517.7176144,
        "bs": null,
        "mode": "lineareval"
    },
    "results": {
        "epochs": 19,
        "epoch.time": 27.162829518318176,
        "epoch.sample_time": 0.0,
        "train.time": 2.1861267924308776,
        "val.time": 24.9767027258873,
        "train.sample_time": 0.005465316981077194,
        "val.sample_time": 0.0031220878407359127,
        "train.acc": 1.0,
        "train.loss": 9.999,
        "val.acc": 0.971,
        "val.loss": 9.999
    },
    "train": [
        {
            "epoch": 0,
            "sample": 400,
            "lr": 0.0010000000000000005,
            "loss": 2.0507919054764967,
            "acc": 0.62,
            "time": 5.814198970794678,
            "time_start": 1626422969.7154965,
            "time_finish": 1626422975.5296955,
            "time_cost": 5.814198970794678
        },
        {
            "epoch": 1,
            "sample": 400,
            "lr": 0.0010000000000000005,
            "loss": 0.6815188125922129,
            "acc": 0.92,
            "time": 2.0546023845672607,
            "time_start": 1626423000.706182,
            "time_finish": 1626423002.7607844,
            "time_cost": 2.0546023845672607
        },
        {
            "epoch": 2,
            "sample": 400,
            "lr": 0.0010000000000000005,
            "loss": 0.12657686896049059,
            "acc": 0.965,
            "time": 1.9945447444915771,
            "time_start": 1626423028.0235207,
            "time_finish": 1626423030.0180655,
            "time_cost": 1.9945447444915771
        },
        {
            "epoch": 3,
            "sample": 400,
            "lr": 0.0010000000000000005,
            "loss": 0.037229405322040506,
            "acc": 0.9925,
            "time": 1.9921290874481201,
            "time_start": 1626423055.214771,
            "time_finish": 1626423057.2069001,
            "time_cost": 1.9921290874481201
        },
        {
            "epoch": 4,
            "sample": 400,
            "lr": 0.0010000000000000005,
            "loss": 0.02333163941064133,
            "acc": 0.9925,
            "time": 1.975980520248413,
            "time_start": 1626423082.4005487,
            "time_finish": 1626423084.3765292,
            "time_cost": 1.975980520248413
        },
        {
            "epoch": 5,
            "sample": 400,
            "lr": 0.0005000000000000002,
            "loss": 0.014921353028442424,
            "acc": 0.9925,
            "time": 2.0111448764801025,
            "time_start": 1626423109.567041,
            "time_finish": 1626423111.5781858,
            "time_cost": 2.0111448764801025
        },
        {
            "epoch": 6,
            "sample": 400,
            "lr": 0.0005000000000000002,
            "loss": 0.008366333567000065,
            "acc": 0.9975,
            "time": 2.01954984664917,
            "time_start": 1626423136.733245,
            "time_finish": 1626423138.7527947,
            "time_cost": 2.01954984664917
        },
        {
            "epoch": 7,
            "sample": 400,
            "lr": 0.0005000000000000002,
            "loss": 0.009153490904002236,
            "acc": 1.0,
            "time": 1.9834415912628174,
            "time_start": 1626423163.9692755,
            "time_finish": 1626423165.952717,
            "time_cost": 1.9834415912628174
        },
        {
            "epoch": 8,
            "sample": 400,
            "lr": 0.0005000000000000002,
            "loss": 0.0034745712495910432,
            "acc": 1.0,
            "time": 1.9943053722381592,
            "time_start": 1626423191.1606793,
            "time_finish": 1626423193.1549847,
            "time_cost": 1.9943053722381592
        },
        {
            "epoch": 9,
            "sample": 400,
            "lr": 0.0005000000000000002,
            "loss": 0.016407800609998118,
            "acc": 0.995,
            "time": 1.9706716537475586,
            "time_start": 1626423218.322341,
            "time_finish": 1626423220.2930126,
            "time_cost": 1.9706716537475586
        },
        {
            "epoch": 10,
            "sample": 400,
            "lr": 0.0002500000000000001,
            "loss": 0.03085192947093254,
            "acc": 0.985,
            "time": 1.9740698337554932,
            "time_start": 1626423245.4682055,
            "time_finish": 1626423247.4422753,
            "time_cost": 1.9740698337554932
        },
        {
            "epoch": 11,
            "sample": 400,
            "lr": 0.0002500000000000001,
            "loss": 0.004838502097230118,
            "acc": 0.9975,
            "time": 1.9985642433166504,
            "time_start": 1626423272.7018058,
            "time_finish": 1626423274.70037,
            "time_cost": 1.9985642433166504
        },
        {
            "epoch": 12,
            "sample": 400,
            "lr": 0.0002500000000000001,
            "loss": 0.005266325201283997,
            "acc": 1.0,
            "time": 1.9843087196350098,
            "time_start": 1626423299.9255106,
            "time_finish": 1626423301.9098194,
            "time_cost": 1.9843087196350098
        },
        {
            "epoch": 13,
            "sample": 400,
            "lr": 0.0002500000000000001,
            "loss": 0.010870654619513797,
            "acc": 0.9975,
            "time": 1.9673666954040527,
            "time_start": 1626423327.115029,
            "time_finish": 1626423329.0823958,
            "time_cost": 1.9673666954040527
        },
        {
            "epoch": 14,
            "sample": 400,
            "lr": 0.0002500000000000001,
            "loss": 0.005402668862818525,
            "acc": 0.9975,
            "time": 1.9868791103363037,
            "time_start": 1626423354.3773544,
            "time_finish": 1626423356.3642335,
            "time_cost": 1.9868791103363037
        },
        {
            "epoch": 15,
            "sample": 400,
            "lr": 0.00012500000000000006,
            "loss": 0.0018948766071564304,
            "acc": 1.0,
            "time": 2.0422823429107666,
            "time_start": 1626423381.5492616,
            "time_finish": 1626423383.591544,
            "time_cost": 2.0422823429107666
        },
        {
            "epoch": 16,
            "sample": 400,
            "lr": 0.00012500000000000006,
            "loss": 0.005879165383073716,
            "acc": 0.9975,
            "time": 2.008908748626709,
            "time_start": 1626423408.7995882,
            "time_finish": 1626423410.808497,
            "time_cost": 2.008908748626709
        },
        {
            "epoch": 17,
            "sample": 400,
            "lr": 0.00012500000000000006,
            "loss": 0.013997094493019037,
            "acc": 0.995,
            "time": 1.9830365180969238,
            "time_start": 1626423435.971445,
            "time_finish": 1626423437.9544816,