{
    "info": {
        "device": "cuda",
        "epoch": 20,
        "dataset": "stl10",
        "data_path": "/host/ubuntu/torch",
        "bs": 32,
        "root_path": "/host/ubuntu/torch",
        "arch": "resnext101_32x8d",
        "lr": 0.001,
        "lr_scheduler": "step",
        "lr_step": 5,
        "lr_gamma": 0.5,
        "lr_scale": 0.1,
        "limit_train": 200,
        "limit_test": 0,
        "stats_fp": "./logs/massA/stats_210716_125444.json",
        "lineareval": true,
        "earlystop_epoch": 5,
        "pretrained": true,
        "note": "",
        "opt": "adamw",
        "fc": [
            512,
            128,
            32
        ],
        "image_size": 224
    },
    "telem": {
        "hardware": "1x3090",
        "sample_count_train": 200,
        "sample_count_val": 8000,
        "completed": false,
        "time_stamp": "210716_125444",
        "time_start": 1626440101.4767725,
        "time_finish": 1626440643.532779,
        "time_elapsed": 542.0560064315796,
        "time_updated": 1626440643.532785,
        "bs": null,
        "mode": "lineareval"
    },
    "results": {
        "epochs": 19,
        "epoch.time": 26.86513774394989,
        "epoch.sample_time": 0.0,
        "train.time": 1.4176149487495422,
        "val.time": 25.44752279520035,
        "train.sample_time": 0.007088074743747711,
        "val.sample_time": 0.0031809403494000438,
        "train.acc": 1.0,
        "train.loss": 9.999,
        "val.acc": 0.95425,
        "val.loss": 9.999
    },
    "train": [
        {
            "epoch": 0,
            "sample": 200,
            "lr": 0.001,
            "loss": 2.1414549010140553,
            "acc": 0.26,
            "time": 1.319969892501831,
            "time_start": 1626440101.4767725,
            "time_finish": 1626440102.7967424,
            "time_cost": 1.319969892501831
        },
        {
            "epoch": 1,
            "sample": 200,
            "lr": 0.001,
            "loss": 1.4029023817607336,
            "acc": 0.61,
            "time": 1.300304889678955,
            "time_start": 1626440127.7455351,
            "time_finish": 1626440129.04584,
            "time_cost": 1.300304889678955
        },
        {
            "epoch": 2,
            "sample": 200,
            "lr": 0.001,
            "loss": 0.6730050912925175,
            "acc": 0.9,
            "time": 1.3353629112243652,
            "time_start": 1626440154.1178007,
            "time_finish": 1626440155.4531636,
            "time_cost": 1.3353629112243652
        },
        {
            "epoch": 3,
            "sample": 200,
            "lr": 0.001,
            "loss": 0.3121162099497659,
            "acc": 0.935,
            "time": 1.3291406631469727,
            "time_start": 1626440180.5790293,
            "time_finish": 1626440181.90817,
            "time_cost": 1.3291406631469727
        },
        {
            "epoch": 4,
            "sample": 200,
            "lr": 0.001,
            "loss": 0.12475243317229408,
            "acc": 0.975,
            "time": 1.3586461544036865,
            "time_start": 1626440206.9751596,
            "time_finish": 1626440208.3338058,
            "time_cost": 1.3586461544036865
        },
        {
            "epoch": 5,
            "sample": 200,
            "lr": 0.0005,
            "loss": 0.12573212385177612,
            "acc": 0.975,
            "time": 1.3186275959014893,
            "time_start": 1626440233.4178078,
            "time_finish": 1626440234.7364354,
            "time_cost": 1.3186275959014893
        },
        {
            "epoch": 6,
            "sample": 200,
            "lr": 0.0005,
            "loss": 0.09368650242686272,
            "acc": 0.98,
            "time": 1.3788025379180908,
            "time_start": 1626440259.8635697,
            "time_finish": 1626440261.2423723,
            "time_cost": 1.3788025379180908
        },
        {
            "epoch": 7,
            "sample": 200,
            "lr": 0.0005,
            "loss": 0.09248407291514534,
            "acc": 0.98,
            "time": 1.5145061016082764,
            "time_start": 1626440287.1039274,
            "time_finish": 1626440288.6184335,
            "time_cost": 1.5145061016082764
        },
        {
            "epoch": 8,
            "sample": 200,
            "lr": 0.0005,
            "loss": 0.059710608263100894,
            "acc": 0.985,
            "time": 1.455824613571167,
            "time_start": 1626440314.6641264,
            "time_finish": 1626440316.119951,
            "time_cost": 1.455824613571167
        },
        {
            "epoch": 9,
            "sample": 200,
            "lr": 0.0005,
            "loss": 0.03801233121859176,
            "acc": 0.995,
            "time": 1.4286792278289795,
            "time_start": 1626440342.012143,
            "time_finish": 1626440343.4408221,
            "time_cost": 1.4286792278289795
        },
        {
            "epoch": 10,
            "sample": 200,
            "lr": 0.00025,
            "loss": 0.09988745035869735,
            "acc": 0.99,
            "time": 1.486877202987671,
            "time_start": 1626440369.5162494,
            "time_finish": 1626440371.0031266,
            "time_cost": 1.486877202987671
        },
        {
            "epoch": 11,
            "sample": 200,
            "lr": 0.00025,
            "loss": 0.06141117228461163,
            "acc": 0.995,
            "time": 1.5035686492919922,
            "time_start": 1626440396.8709812,
            "time_finish": 1626440398.3745499,
            "time_cost": 1.5035686492919922
        },
        {
            "epoch": 12,
            "sample": 200,
            "lr": 0.00025,
            "loss": 0.06266933546534606,
            "acc": 0.98,
            "time": 1.4554860591888428,
            "time_start": 1626440424.345392,
            "time_finish": 1626440425.800878,
            "time_cost": 1.4554860591888428
        },
        {
            "epoch": 13,
            "sample": 200,
            "lr": 0.00025,
            "loss": 0.04371023191405194,
            "acc": 0.995,
            "time": 1.4582693576812744,
            "time_start": 1626440452.0042298,
            "time_finish": 1626440453.4624991,
            "time_cost": 1.4582693576812744
        },
        {
            "epoch": 14,
            "sample": 200,
            "lr": 0.00025,
            "loss": 0.027487380297056267,
            "acc": 0.995,
            "time": 1.4715337753295898,
            "time_start": 1626440479.601823,
            "time_finish": 1626440481.0733569,
            "time_cost": 1.4715337753295898
        },
        {
            "epoch": 15,
            "sample": 200,
            "lr": 0.000125,
            "loss": 0.011229187582752534,
            "acc": 1.0,
            "time": 1.4527623653411865,
            "time_start": 1626440507.1131346,
            "time_finish": 1626440508.565897,
            "time_cost": 1.4527623653411865
        },
        {
            "epoch": 16,
            "sample": 200,
            "lr": 0.000125,
            "loss": 0.030197333810584887,
            "acc": 1.0,
            "time": 1.4451096057891846,
            "time_start": 1626440534.3674474,
            "time_finish": 1626440535.812557,
            "time_cost": 1.4451096057891846
        },
        {
            "epoch": 17,
            "sample": 200,
            "lr": 0.000125,
            "loss": 0.015176513897521155,
            "acc": 1.0,
            "time": 1.4068803787231445,
            "time_start": 1626440561.4775584,
            "time_finish": 1626440562.8844388,
            "time_cost": 1.4068803787231445
        },
        {
            "epoch": 18,
            "sample": 200,
            "lr": 0.000125,
            "loss": 0.011849103961139917,
            "acc": 1.0,
            "time": 1.4672138690948486,
            "time_start": 1626440588.8428013,
            "time_finish": 1626440590.3100152,