{
    "info": {
        "device": "cuda",
        "epoch": 20,
        "dataset": "stl10",
        "data_path": "/host/ubuntu/torch",
        "bs": 32,
        "root_path": "/host/ubuntu/torch",
        "arch": "dino_vits16",
        "lr": 0.001,
        "lr_scheduler": "step",
        "lr_step": 5,
        "lr_gamma": 0.5,
        "lr_scale": 0.1,
        "limit_train": 400,
        "limit_test": 0,
        "stats_fp": "./logs/massA/stats_210716_094328.json",
        "lineareval": true,
        "earlystop_epoch": 5,
        "pretrained": true,
        "note": "",
        "opt": "adamw",
        "fc": [
            512,
            128,
            32
        ],
        "image_size": 224
    },
    "telem": {
        "hardware": "1x3090",
        "sample_count_train": 400,
        "sample_count_val": 8000,
        "completed": false,
        "time_stamp": "210716_094328",
        "time_start": 1626428621.3092399,
        "time_finish": 1626428811.485402,
        "time_elapsed": 190.1761622428894,
        "time_updated": 1626428811.4854188,
        "bs": null,
        "mode": "lineareval"
    },
    "results": {
        "epochs": 15,
        "epoch.time": 11.64902912080288,
        "epoch.sample_time": 0.0,
        "train.time": 1.4619272947311401,
        "val.time": 10.18710182607174,
        "train.sample_time": 0.0036548182368278505,
        "val.sample_time": 0.0012733877282589674,
        "train.acc": 1.0,
        "train.loss": 9.999,
        "val.acc": 0.97375,
        "val.loss": 9.999
    },
    "train": [
        {
            "epoch": 0,
            "sample": 400,
            "lr": 0.0010000000000000005,
            "loss": 1.2288889770324414,
            "acc": 0.695,
            "time": 4.731590747833252,
            "time_start": 1626428621.3092399,
            "time_finish": 1626428626.0408306,
            "time_cost": 4.731590747833252
        },
        {
            "epoch": 1,
            "sample": 400,
            "lr": 0.0010000000000000005,
            "loss": 0.0989980955536549,
            "acc": 0.975,
            "time": 1.147207260131836,
            "time_start": 1626428636.0145655,
            "time_finish": 1626428637.1617727,
            "time_cost": 1.147207260131836
        },
        {
            "epoch": 2,
            "sample": 400,
            "lr": 0.0010000000000000005,
            "loss": 0.022288113330992367,
            "acc": 0.9925,
            "time": 1.2991852760314941,
            "time_start": 1626428647.2091672,
            "time_finish": 1626428648.5083525,
            "time_cost": 1.2991852760314941
        },
        {
            "epoch": 3,
            "sample": 400,
            "lr": 0.0010000000000000005,
            "loss": 0.01361576166191998,
            "acc": 0.9975,
            "time": 1.175840139389038,
            "time_start": 1626428658.5972629,
            "time_finish": 1626428659.773103,
            "time_cost": 1.175840139389038
        },
        {
            "epoch": 4,
            "sample": 400,
            "lr": 0.0010000000000000005,
            "loss": 0.0036760954043039908,
            "acc": 1.0,
            "time": 1.2622323036193848,
            "time_start": 1626428669.9945278,
            "time_finish": 1626428671.2567601,
            "time_cost": 1.2622323036193848
        },
        {
            "epoch": 5,
            "sample": 400,
            "lr": 0.0005000000000000002,
            "loss": 0.0012901846992183262,
            "acc": 1.0,
            "time": 1.118659257888794,
            "time_start": 1626428681.3420928,
            "time_finish": 1626428682.460752,
            "time_cost": 1.118659257888794
        },
        {
            "epoch": 6,
            "sample": 400,
            "lr": 0.0005000000000000002,
            "loss": 0.0003888599088755794,
            "acc": 1.0,
            "time": 1.1049880981445312,
            "time_start": 1626428692.5169713,
            "time_finish": 1626428693.6219594,
            "time_cost": 1.1049880981445312
        },
        {
            "epoch": 7,
            "sample": 400,
            "lr": 0.0005000000000000002,
            "loss": 0.00033711483522963064,
            "acc": 1.0,
            "time": 1.3169770240783691,
            "time_start": 1626428703.9206176,
            "time_finish": 1626428705.2375946,
            "time_cost": 1.3169770240783691
        },
        {
            "epoch": 8,
            "sample": 400,
            "lr": 0.0005000000000000002,
            "loss": 0.0003907503000496385,
            "acc": 1.0,
            "time": 1.156968116760254,
            "time_start": 1626428716.083331,
            "time_finish": 1626428717.2402992,
            "time_cost": 1.156968116760254
        },
        {
            "epoch": 9,
            "sample": 400,
            "lr": 0.0005000000000000002,
            "loss": 0.0003464671720464069,
            "acc": 1.0,
            "time": 1.309605360031128,
            "time_start": 1626428728.0078595,
            "time_finish": 1626428729.3174648,
            "time_cost": 1.309605360031128
        },
        {
            "epoch": 10,
            "sample": 400,
            "lr": 0.0002500000000000001,
            "loss": 0.0002994029726743555,
            "acc": 1.0,
            "time": 1.2822985649108887,
            "time_start": 1626428739.3816943,
            "time_finish": 1626428740.663993,
            "time_cost": 1.2822985649108887
        },
        {
            "epoch": 11,
            "sample": 400,
            "lr": 0.0002500000000000001,
            "loss": 0.0003014708988932678,
            "acc": 1.0,
            "time": 1.3088874816894531,
            "time_start": 1626428751.2127264,
            "time_finish": 1626428752.5216138,
            "time_cost": 1.3088874816894531
        },
        {
            "epoch": 12,
            "sample": 400,
            "lr": 0.0002500000000000001,
            "loss": 0.0002472920079106608,
            "acc": 1.0,
            "time": 1.1821210384368896,
            "time_start": 1626428763.4450064,
            "time_finish": 1626428764.6271274,
            "time_cost": 1.1821210384368896
        },
        {
            "epoch": 13,
            "sample": 400,
            "lr": 0.0002500000000000001,
            "loss": 0.00027233379100485204,
            "acc": 1.0,
            "time": 1.3403356075286865,
            "time_start": 1626428775.5574315,
            "time_finish": 1626428776.897767,
            "time_cost": 1.3403356075286865
        },
        {
            "epoch": 14,
            "sample": 400,
            "lr": 0.0002500000000000001,
            "loss": 0.0002757753749252655,
            "acc": 1.0,
            "time": 1.3201570510864258,
            "time_start": 1626428787.2241554,
            "time_finish": 1626428788.5443125,
            "time_cost": 1.3201570510864258
        },
        {
            "epoch": 15,
            "sample": 400,
            "lr": 0.00012500000000000006,
            "loss": 0.0002686031377659394,
            "acc": 1.0,
            "time": 1.3337833881378174,
            "time_start": 1626428799.1544344,
            "time_finish": 1626428800.4882178,
            "time_cost": 1.3337833881378174
        }
    ],
    "val": [
        {
            "epoch": 0,
            "sample": 8000,
            "lr": 0.0,
            "loss": 0.2706530949771404,
            "acc": 0.946375,
            "time": 9.782865762710571,
            "time_start": 1626428626.1293929,
            "time_finish": 1626428635.9122586,
            "time_cost": 9.782865762710571
        },
        {
            "epoch": 1,
            "sample": 8000,
            "lr": 0.0,
            "loss": 0.11109277087729424,
            "acc": 0.964,
            "time": 9.820707082748413,
            "time_start": 1626428637.2767255,
            "time_finish": 1626428647.0974326,
            "time_cost": 9.820707082748413
        },
        {
            "epoch": 2,