{
    "info": {
        "device": "cuda",
        "epoch": 20,
        "dataset": "stl10",
        "data_path": "/host/ubuntu/torch",
        "bs": 32,
        "root_path": "/host/ubuntu/torch",
        "arch": "swin_large_patch4_window12_384_22k",
        "lr": 0.001,
        "lr_scheduler": "step",
        "lr_step": 5,
        "lr_gamma": 0.5,
        "lr_scale": 0.1,
        "limit_train": 0,
        "limit_test": 0,
        "stats_fp": "./logs/massA/stats_210716_001340.json",
        "lineareval": true,
        "earlystop_epoch": 5,
        "pretrained": true,
        "note": "",
        "opt": "adamw",
        "fc": [
            512,
            128,
            32
        ],
        "image_size": 384
    },
    "telem": {
        "hardware": "1x3090",
        "sample_count_train": 5000,
        "sample_count_val": 8000,
        "completed": false,
        "time_stamp": "210716_001340",
        "time_start": 1626394439.2450202,
        "time_finish": 1626401764.2736259,
        "time_elapsed": 7325.028605699539,
        "time_updated": 1626401764.2736325,
        "bs": null,
        "mode": "lineareval"
    },
    "results": {
        "epochs": 19,
        "epoch.time": 366.01214869022374,
        "epoch.sample_time": 0.0,
        "train.time": 141.24780027866365,
        "val.time": 224.76434841156006,
        "train.sample_time": 0.02824956005573273,
        "val.sample_time": 0.02809554355144501,
        "train.acc": 1.0,
        "train.loss": 9.999,
        "val.acc": 0.99725,
        "val.loss": 9.999
    },
    "train": [
        {
            "epoch": 0,
            "sample": 5000,
            "lr": 0.0010000000000000002,
            "loss": 0.18483688747273033,
            "acc": 0.9608,
            "time": 147.06363320350647,
            "time_start": 1626394439.2450202,
            "time_finish": 1626394586.3086534,
            "time_cost": 147.06363320350647
        },
        {
            "epoch": 1,
            "sample": 5000,
            "lr": 0.0010000000000000002,
            "loss": 0.011020028245172635,
            "acc": 0.9974,
            "time": 142.24108695983887,
            "time_start": 1626394813.4396672,
            "time_finish": 1626394955.6807542,
            "time_cost": 142.24108695983887
        },
        {
            "epoch": 2,
            "sample": 5000,
            "lr": 0.0010000000000000002,
            "loss": 0.0032366576164650916,
            "acc": 0.9988,
            "time": 142.3244035243988,
            "time_start": 1626395182.739511,
            "time_finish": 1626395325.0639145,
            "time_cost": 142.3244035243988
        },
        {
            "epoch": 3,
            "sample": 5000,
            "lr": 0.0010000000000000002,
            "loss": 0.004317895852465974,
            "acc": 0.999,
            "time": 142.63683438301086,
            "time_start": 1626395552.364127,
            "time_finish": 1626395695.0009613,
            "time_cost": 142.63683438301086
        },
        {
            "epoch": 4,
            "sample": 5000,
            "lr": 0.0010000000000000002,
            "loss": 0.0026703499262708693,
            "acc": 0.999,
            "time": 142.22404718399048,
            "time_start": 1626395922.1695664,
            "time_finish": 1626396064.3936136,
            "time_cost": 142.22404718399048
        },
        {
            "epoch": 5,
            "sample": 5000,
            "lr": 0.0005000000000000001,
            "loss": 0.0012217207630099809,
            "acc": 0.9996,
            "time": 141.94272470474243,
            "time_start": 1626396292.0137177,
            "time_finish": 1626396433.9564424,
            "time_cost": 141.94272470474243
        },
        {
            "epoch": 6,
            "sample": 5000,
            "lr": 0.0005000000000000001,
            "loss": 0.000930918550128791,
            "acc": 0.9996,
            "time": 142.5218427181244,
            "time_start": 1626396661.3608742,
            "time_finish": 1626396803.882717,
            "time_cost": 142.5218427181244
        },
        {
            "epoch": 7,
            "sample": 5000,
            "lr": 0.0005000000000000001,
            "loss": 0.00036804845009552823,
            "acc": 1.0,
            "time": 142.0209333896637,
            "time_start": 1626397031.4466505,
            "time_finish": 1626397173.467584,
            "time_cost": 142.0209333896637
        },
        {
            "epoch": 8,
            "sample": 5000,
            "lr": 0.0005000000000000001,
            "loss": 0.0027303339169764073,
            "acc": 0.999,
            "time": 117.48378896713257,
            "time_start": 1626397400.4517221,
            "time_finish": 1626397517.935511,
            "time_cost": 117.48378896713257
        },
        {
            "epoch": 9,
            "sample": 5000,
            "lr": 0.0005000000000000001,
            "loss": 0.0002007064859264377,
            "acc": 1.0,
            "time": 142.85569047927856,
            "time_start": 1626397745.2249162,
            "time_finish": 1626397888.0806067,
            "time_cost": 142.85569047927856
        },
        {
            "epoch": 10,
            "sample": 5000,
            "lr": 0.00025000000000000006,
            "loss": 0.0001963934191648567,
            "acc": 1.0,
            "time": 142.31495571136475,
            "time_start": 1626398115.722225,
            "time_finish": 1626398258.0371807,
            "time_cost": 142.31495571136475
        },
        {
            "epoch": 11,
            "sample": 5000,
            "lr": 0.00025000000000000006,
            "loss": 0.00012055051674587668,
            "acc": 1.0,
            "time": 142.1362805366516,
            "time_start": 1626398483.5376244,
            "time_finish": 1626398625.673905,
            "time_cost": 142.1362805366516
        },
        {
            "epoch": 12,
            "sample": 5000,
            "lr": 0.00025000000000000006,
            "loss": 0.0006260548507343281,
            "acc": 0.9998,
            "time": 142.5576946735382,
            "time_start": 1626398853.155923,
            "time_finish": 1626398995.7136176,
            "time_cost": 142.5576946735382
        },
        {
            "epoch": 13,
            "sample": 5000,
            "lr": 0.00025000000000000006,
            "loss": 0.00014893920062060054,
            "acc": 1.0,
            "time": 142.1200087070465,
            "time_start": 1626399222.9382238,
            "time_finish": 1626399365.0582325,
            "time_cost": 142.1200087070465
        },
        {
            "epoch": 14,
            "sample": 5000,
            "lr": 0.00025000000000000006,
            "loss": 0.00030635156570636235,
            "acc": 0.9998,
            "time": 142.3806176185608,
            "time_start": 1626399592.7232127,
            "time_finish": 1626399735.1038303,
            "time_cost": 142.3806176185608
        },
        {
            "epoch": 15,
            "sample": 5000,
            "lr": 0.00012500000000000003,
            "loss": 0.00011410040341381353,
            "acc": 1.0,
            "time": 142.15929746627808,
            "time_start": 1626399889.0601087,
            "time_finish": 1626400031.2194061,
            "time_cost": 142.15929746627808
        },
        {
            "epoch": 16,
            "sample": 5000,
            "lr": 0.00012500000000000003,
            "loss": 0.0011624576362033146,
            "acc": 0.9998,
            "time": 141.135320186615,
            "time_start": 1626400287.953167,
            "time_finish": 1626400429.0884871,
            "time_cost": 141.135320186615
        },
        {
            "epoch": 17,
            "sample": 5000,
            "lr": 0.00012500000000000003,
            "loss": 4.583323832060501e-05,
            "acc": 1.0,
            "time": 142.66078901290894,
            "time_start": 1626400656.5205443,
            "time_finish": 1626400799.1813333,