{
    "info": {
        "device": "cuda",
        "epoch": 20,
        "dataset": "stl10",
        "data_path": "/host/ubuntu/torch",
        "bs": 32,
        "root_path": "/host/ubuntu/torch",
        "arch": "swin_tiny_patch4_window7_224",
        "lr": 0.001,
        "lr_scheduler": "step",
        "lr_step": 5,
        "lr_gamma": 0.5,
        "lr_scale": 0.1,
        "limit_train": 400,
        "limit_test": 0,
        "stats_fp": "./logs/massA/stats_210716_080356.json",
        "lineareval": true,
        "earlystop_epoch": 5,
        "pretrained": true,
        "note": "",
        "opt": "adamw",
        "fc": [
            512,
            128,
            32
        ],
        "image_size": 224
    },
    "telem": {
        "hardware": "1x3090",
        "sample_count_train": 400,
        "sample_count_val": 8000,
        "completed": false,
        "time_stamp": "210716_080356",
        "time_start": 1626422649.1522741,
        "time_finish": 1626422952.7243288,
        "time_elapsed": 303.5720546245575,
        "time_updated": 1626422952.724339,
        "bs": null,
        "mode": "lineareval"
    },
    "results": {
        "epochs": 19,
        "epoch.time": 14.943008482456207,
        "epoch.sample_time": 0.0,
        "train.time": 1.5955524444580078,
        "val.time": 13.3474560379982,
        "train.sample_time": 0.00398888111114502,
        "val.sample_time": 0.0016684320047497749,
        "train.acc": 1.0,
        "train.loss": 9.999,
        "val.acc": 0.961125,
        "val.loss": 9.999
    },
    "train": [
        {
            "epoch": 0,
            "sample": 400,
            "lr": 0.0010000000000000005,
            "loss": 2.054820720966046,
            "acc": 0.625,
            "time": 4.96099591255188,
            "time_start": 1626422649.1522741,
            "time_finish": 1626422654.11327,
            "time_cost": 4.96099591255188
        },
        {
            "epoch": 1,
            "sample": 400,
            "lr": 0.0010000000000000005,
            "loss": 0.6582544996188238,
            "acc": 0.9375,
            "time": 1.2741553783416748,
            "time_start": 1626422667.012926,
            "time_finish": 1626422668.2870815,
            "time_cost": 1.2741553783416748
        },
        {
            "epoch": 2,
            "sample": 400,
            "lr": 0.0010000000000000005,
            "loss": 0.10860182395061621,
            "acc": 0.9725,
            "time": 1.398240089416504,
            "time_start": 1626422681.527535,
            "time_finish": 1626422682.925775,
            "time_cost": 1.398240089416504
        },
        {
            "epoch": 3,
            "sample": 400,
            "lr": 0.0010000000000000005,
            "loss": 0.10791878069106203,
            "acc": 0.975,
            "time": 1.4347333908081055,
            "time_start": 1626422696.2090163,
            "time_finish": 1626422697.6437497,
            "time_cost": 1.4347333908081055
        },
        {
            "epoch": 4,
            "sample": 400,
            "lr": 0.0010000000000000005,
            "loss": 0.051537231040688664,
            "acc": 0.975,
            "time": 1.3276476860046387,
            "time_start": 1626422711.6560194,
            "time_finish": 1626422712.9836671,
            "time_cost": 1.3276476860046387
        },
        {
            "epoch": 5,
            "sample": 400,
            "lr": 0.0005000000000000002,
            "loss": 0.03529396137365928,
            "acc": 0.9875,
            "time": 1.3923845291137695,
            "time_start": 1626422726.8759744,
            "time_finish": 1626422728.268359,
            "time_cost": 1.3923845291137695
        },
        {
            "epoch": 6,
            "sample": 400,
            "lr": 0.0005000000000000002,
            "loss": 0.03487987440222731,
            "acc": 0.995,
            "time": 1.4613595008850098,
            "time_start": 1626422742.2151325,
            "time_finish": 1626422743.676492,
            "time_cost": 1.4613595008850098
        },
        {
            "epoch": 7,
            "sample": 400,
            "lr": 0.0005000000000000002,
            "loss": 0.0348903861326667,
            "acc": 0.985,
            "time": 1.284956693649292,
            "time_start": 1626422757.3489487,
            "time_finish": 1626422758.6339054,
            "time_cost": 1.284956693649292
        },
        {
            "epoch": 8,
            "sample": 400,
            "lr": 0.0005000000000000002,
            "loss": 0.009413173422217369,
            "acc": 0.9975,
            "time": 1.488654613494873,
            "time_start": 1626422772.5603504,
            "time_finish": 1626422774.049005,
            "time_cost": 1.488654613494873
        },
        {
            "epoch": 9,
            "sample": 400,
            "lr": 0.0005000000000000002,
            "loss": 0.0057059491966636134,
            "acc": 1.0,
            "time": 1.2733592987060547,
            "time_start": 1626422788.0591197,
            "time_finish": 1626422789.332479,
            "time_cost": 1.2733592987060547
        },
        {
            "epoch": 10,
            "sample": 400,
            "lr": 0.0002500000000000001,
            "loss": 0.006351454264054505,
            "acc": 1.0,
            "time": 1.4841842651367188,
            "time_start": 1626422803.2711387,
            "time_finish": 1626422804.755323,
            "time_cost": 1.4841842651367188
        },
        {
            "epoch": 11,
            "sample": 400,
            "lr": 0.0002500000000000001,
            "loss": 0.02512115707101587,
            "acc": 0.9925,
            "time": 1.4165055751800537,
            "time_start": 1626422818.166617,
            "time_finish": 1626422819.5831225,
            "time_cost": 1.4165055751800537
        },
        {
            "epoch": 12,
            "sample": 400,
            "lr": 0.0002500000000000001,
            "loss": 0.005616761215675909,
            "acc": 1.0,
            "time": 1.448869228363037,
            "time_start": 1626422833.4352472,
            "time_finish": 1626422834.8841164,
            "time_cost": 1.448869228363037
        },
        {
            "epoch": 13,
            "sample": 400,
            "lr": 0.0002500000000000001,
            "loss": 0.004008447744686587,
            "acc": 1.0,
            "time": 1.465595006942749,
            "time_start": 1626422848.3876052,
            "time_finish": 1626422849.8532002,
            "time_cost": 1.465595006942749
        },
        {
            "epoch": 14,
            "sample": 400,
            "lr": 0.0002500000000000001,
            "loss": 0.01063250109123496,
            "acc": 0.9975,
            "time": 1.4724478721618652,
            "time_start": 1626422863.1710892,
            "time_finish": 1626422864.643537,
            "time_cost": 1.4724478721618652
        },
        {
            "epoch": 15,
            "sample": 400,
            "lr": 0.00012500000000000006,
            "loss": 0.013348476641112939,
            "acc": 0.9975,
            "time": 1.4472925662994385,
            "time_start": 1626422878.1483853,
            "time_finish": 1626422879.5956779,
            "time_cost": 1.4472925662994385
        },
        {
            "epoch": 16,
            "sample": 400,
            "lr": 0.00012500000000000006,
            "loss": 0.014229788561351597,
            "acc": 0.9975,
            "time": 1.4476220607757568,
            "time_start": 1626422893.0830557,
            "time_finish": 1626422894.5306778,
            "time_cost": 1.4476220607757568
        },
        {
            "epoch": 17,
            "sample": 400,
            "lr": 0.00012500000000000006,
            "loss": 0.007256114700934491,
            "acc": 0.9975,
            "time": 1.4436321258544922,
            "time_start": 1626422907.9582398,
            "time_finish": 1626422909.401872,