{
    "info": {
        "device": "cuda",
        "epoch": 20,
        "dataset": "stl10",
        "data_path": "/host/ubuntu/torch",
        "bs": 32,
        "root_path": "/host/ubuntu/torch",
        "arch": "swin_base_patch4_window7_224",
        "lr": 0.001,
        "lr_scheduler": "step",
        "lr_step": 5,
        "lr_gamma": 0.5,
        "lr_scale": 0.1,
        "limit_train": 800,
        "limit_test": 0,
        "stats_fp": "./logs/massA/stats_210716_050136.json",
        "lineareval": true,
        "earlystop_epoch": 5,
        "pretrained": true,
        "note": "",
        "opt": "adamw",
        "fc": [
            512,
            128,
            32
        ],
        "image_size": 224
    },
    "telem": {
        "hardware": "1x3090",
        "sample_count_train": 800,
        "sample_count_val": 8000,
        "completed": false,
        "time_stamp": "210716_050136",
        "time_start": 1626411710.3440318,
        "time_finish": 1626412721.44456,
        "time_elapsed": 1011.1005282402039,
        "time_updated": 1626412721.4445658,
        "bs": null,
        "mode": "lineareval"
    },
    "results": {
        "epochs": 19,
        "epoch.time": 50.336993706226345,
        "epoch.sample_time": 0.0,
        "train.time": 5.34898738861084,
        "val.time": 44.98800631761551,
        "train.sample_time": 0.006686234235763549,
        "val.sample_time": 0.005623500789701938,
        "train.acc": 1.0,
        "train.loss": 9.999,
        "val.acc": 0.977625,
        "val.loss": 9.999
    },
    "train": [
        {
            "epoch": 0,
            "sample": 800,
            "lr": 0.001,
            "loss": 1.3871842509508132,
            "acc": 0.7925,
            "time": 10.268838167190552,
            "time_start": 1626411710.3440318,
            "time_finish": 1626411720.61287,
            "time_cost": 10.268838167190552
        },
        {
            "epoch": 1,
            "sample": 800,
            "lr": 0.001,
            "loss": 0.0859633334679529,
            "acc": 0.98125,
            "time": 5.121102333068848,
            "time_start": 1626411765.5902312,
            "time_finish": 1626411770.7113335,
            "time_cost": 5.121102333068848
        },
        {
            "epoch": 2,
            "sample": 800,
            "lr": 0.001,
            "loss": 0.04699094710871577,
            "acc": 0.9875,
            "time": 5.094320297241211,
            "time_start": 1626411815.944319,
            "time_finish": 1626411821.0386393,
            "time_cost": 5.094320297241211
        },
        {
            "epoch": 3,
            "sample": 800,
            "lr": 0.001,
            "loss": 0.02695854963036254,
            "acc": 0.99,
            "time": 5.081918716430664,
            "time_start": 1626411866.2280571,
            "time_finish": 1626411871.3099759,
            "time_cost": 5.081918716430664
        },
        {
            "epoch": 4,
            "sample": 800,
            "lr": 0.001,
            "loss": 0.01770152823999524,
            "acc": 0.99625,
            "time": 5.1457908153533936,
            "time_start": 1626411916.505603,
            "time_finish": 1626411921.651394,
            "time_cost": 5.1457908153533936
        },
        {
            "epoch": 5,
            "sample": 800,
            "lr": 0.0005,
            "loss": 0.009742668499238789,
            "acc": 0.99875,
            "time": 5.087514877319336,
            "time_start": 1626411966.7257204,
            "time_finish": 1626411971.8132353,
            "time_cost": 5.087514877319336
        },
        {
            "epoch": 6,
            "sample": 800,
            "lr": 0.0005,
            "loss": 0.03000798461842351,
            "acc": 0.9925,
            "time": 5.064856052398682,
            "time_start": 1626412017.1109405,
            "time_finish": 1626412022.1757965,
            "time_cost": 5.064856052398682
        },
        {
            "epoch": 7,
            "sample": 800,
            "lr": 0.0005,
            "loss": 0.007968861226690932,
            "acc": 0.9975,
            "time": 5.083038091659546,
            "time_start": 1626412067.4243586,
            "time_finish": 1626412072.5073967,
            "time_cost": 5.083038091659546
        },
        {
            "epoch": 8,
            "sample": 800,
            "lr": 0.0005,
            "loss": 0.012369832745753229,
            "acc": 0.99625,
            "time": 5.1165080070495605,
            "time_start": 1626412117.738629,
            "time_finish": 1626412122.855137,
            "time_cost": 5.1165080070495605
        },
        {
            "epoch": 9,
            "sample": 800,
            "lr": 0.0005,
            "loss": 0.010862982441904024,
            "acc": 0.9975,
            "time": 5.076802492141724,
            "time_start": 1626412168.0200443,
            "time_finish": 1626412173.0968468,
            "time_cost": 5.076802492141724
        },
        {
            "epoch": 10,
            "sample": 800,
            "lr": 0.00025,
            "loss": 0.003066510275239125,
            "acc": 0.99875,
            "time": 5.089127540588379,
            "time_start": 1626412218.2914224,
            "time_finish": 1626412223.38055,
            "time_cost": 5.089127540588379
        },
        {
            "epoch": 11,
            "sample": 800,
            "lr": 0.00025,
            "loss": 0.005288949013920501,
            "acc": 0.9975,
            "time": 5.058958053588867,
            "time_start": 1626412268.5751,
            "time_finish": 1626412273.634058,
            "time_cost": 5.058958053588867
        },
        {
            "epoch": 12,
            "sample": 800,
            "lr": 0.00025,
            "loss": 0.0046272962691728025,
            "acc": 0.99875,
            "time": 5.062121629714966,
            "time_start": 1626412318.8098636,
            "time_finish": 1626412323.8719852,
            "time_cost": 5.062121629714966
        },
        {
            "epoch": 13,
            "sample": 800,
            "lr": 0.00025,
            "loss": 0.006817340015550144,
            "acc": 0.99875,
            "time": 5.0753209590911865,
            "time_start": 1626412369.08783,
            "time_finish": 1626412374.163151,
            "time_cost": 5.0753209590911865
        },
        {
            "epoch": 14,
            "sample": 800,
            "lr": 0.00025,
            "loss": 0.0069392641086597,
            "acc": 0.9975,
            "time": 5.079762935638428,
            "time_start": 1626412419.2463274,
            "time_finish": 1626412424.3260903,
            "time_cost": 5.079762935638428
        },
        {
            "epoch": 15,
            "sample": 800,
            "lr": 0.000125,
            "loss": 0.0030628368345787748,
            "acc": 1.0,
            "time": 5.112771034240723,
            "time_start": 1626412469.4506462,
            "time_finish": 1626412474.5634172,
            "time_cost": 5.112771034240723
        },
        {
            "epoch": 16,
            "sample": 800,
            "lr": 0.000125,
            "loss": 0.009442991029354744,
            "acc": 0.99625,
            "time": 5.100677728652954,
            "time_start": 1626412519.934117,
            "time_finish": 1626412525.0347948,
            "time_cost": 5.100677728652954
        },
        {
            "epoch": 17,
            "sample": 800,
            "lr": 0.000125,
            "loss": 0.001659755509463139,
            "acc": 1.0,
            "time": 5.081929445266724,
            "time_start": 1626412570.3665743,
            "time_finish": 1626412575.4485037,
            "time_cost": 5.081929445266724
        },
        {
            "epoch": 18,
            "sample": 800,
            "lr": 0.000125,
            "loss": 0.0038560538226738573,
            "acc": 0.99875,
            "time": 5.088011264801025,
            "time_start": 1626412620.6263883,
            "time_finish": 1626412625.7143996,