{
    "info": {
        "device": "cuda",
        "epoch": 20,
        "dataset": "stl10",
        "data_path": "/host/ubuntu/torch",
        "bs": 32,
        "root_path": "/host/ubuntu/torch",
        "arch": "dino_vits16",
        "lr": 0.001,
        "lr_scheduler": "step",
        "lr_step": 5,
        "lr_gamma": 0.5,
        "lr_scale": 0.1,
        "limit_train": 800,
        "limit_test": 0,
        "stats_fp": "./logs/massA/stats_210716_070138.json",
        "lineareval": true,
        "earlystop_epoch": 5,
        "pretrained": true,
        "note": "",
        "opt": "adamw",
        "fc": [
            512,
            128,
            32
        ],
        "image_size": 224
    },
    "telem": {
        "hardware": "1x3090",
        "sample_count_train": 800,
        "sample_count_val": 8000,
        "completed": false,
        "time_stamp": "210716_070138",
        "time_start": 1626418910.891482,
        "time_finish": 1626419107.0405414,
        "time_elapsed": 196.1490592956543,
        "time_updated": 1626419107.040548,
        "bs": null,
        "mode": "lineareval"
    },
    "results": {
        "epochs": 15,
        "epoch.time": 12.028368711471558,
        "epoch.sample_time": 0.0,
        "train.time": 1.9009753167629242,
        "val.time": 10.127393394708633,
        "train.sample_time": 0.002376219145953655,
        "val.sample_time": 0.0012659241743385792,
        "train.acc": 1.0,
        "train.loss": 9.999,
        "val.acc": 0.97925,
        "val.loss": 9.999
    },
    "train": [
        {
            "epoch": 0,
            "sample": 800,
            "lr": 0.001,
            "loss": 0.7543398617208004,
            "acc": 0.81625,
            "time": 5.245959281921387,
            "time_start": 1626418910.891482,
            "time_finish": 1626418916.1374414,
            "time_cost": 5.245959281921387
        },
        {
            "epoch": 1,
            "sample": 800,
            "lr": 0.001,
            "loss": 0.02277511790394783,
            "acc": 0.99375,
            "time": 1.6748385429382324,
            "time_start": 1626418926.2008402,
            "time_finish": 1626418927.8756788,
            "time_cost": 1.6748385429382324
        },
        {
            "epoch": 2,
            "sample": 800,
            "lr": 0.001,
            "loss": 0.013328776231501251,
            "acc": 0.99375,
            "time": 1.566408395767212,
            "time_start": 1626418937.8856258,
            "time_finish": 1626418939.4520342,
            "time_cost": 1.566408395767212
        },
        {
            "epoch": 3,
            "sample": 800,
            "lr": 0.001,
            "loss": 0.005732289371953811,
            "acc": 0.9975,
            "time": 1.5507416725158691,
            "time_start": 1626418949.5198574,
            "time_finish": 1626418951.070599,
            "time_cost": 1.5507416725158691
        },
        {
            "epoch": 4,
            "sample": 800,
            "lr": 0.001,
            "loss": 0.0014828569383826106,
            "acc": 1.0,
            "time": 1.5088956356048584,
            "time_start": 1626418961.149984,
            "time_finish": 1626418962.6588795,
            "time_cost": 1.5088956356048584
        },
        {
            "epoch": 5,
            "sample": 800,
            "lr": 0.0005,
            "loss": 0.0008856283669592813,
            "acc": 1.0,
            "time": 1.5334556102752686,
            "time_start": 1626418972.7996736,
            "time_finish": 1626418974.3331292,
            "time_cost": 1.5334556102752686
        },
        {
            "epoch": 6,
            "sample": 800,
            "lr": 0.0005,
            "loss": 0.0006893513532122597,
            "acc": 1.0,
            "time": 1.6321682929992676,
            "time_start": 1626418984.3954656,
            "time_finish": 1626418986.027634,
            "time_cost": 1.6321682929992676
        },
        {
            "epoch": 7,
            "sample": 800,
            "lr": 0.0005,
            "loss": 0.0003123865170346107,
            "acc": 1.0,
            "time": 1.5868430137634277,
            "time_start": 1626418995.9417288,
            "time_finish": 1626418997.5285718,
            "time_cost": 1.5868430137634277
        },
        {
            "epoch": 8,
            "sample": 800,
            "lr": 0.0005,
            "loss": 0.00028734035236993805,
            "acc": 1.0,
            "time": 1.7208411693572998,
            "time_start": 1626419007.6356547,
            "time_finish": 1626419009.3564959,
            "time_cost": 1.7208411693572998
        },
        {
            "epoch": 9,
            "sample": 800,
            "lr": 0.0005,
            "loss": 0.00017059680714737624,
            "acc": 1.0,
            "time": 1.9534509181976318,
            "time_start": 1626419019.8208628,
            "time_finish": 1626419021.7743137,
            "time_cost": 1.9534509181976318
        },
        {
            "epoch": 10,
            "sample": 800,
            "lr": 0.00025,
            "loss": 0.00014483275030215736,
            "acc": 1.0,
            "time": 1.9117183685302734,
            "time_start": 1626419034.4073215,
            "time_finish": 1626419036.3190398,
            "time_cost": 1.9117183685302734
        },
        {
            "epoch": 11,
            "sample": 800,
            "lr": 0.00025,
            "loss": 0.00017835188140452374,
            "acc": 1.0,
            "time": 1.7154181003570557,
            "time_start": 1626419047.1948237,
            "time_finish": 1626419048.9102418,
            "time_cost": 1.7154181003570557
        },
        {
            "epoch": 12,
            "sample": 800,
            "lr": 0.00025,
            "loss": 0.00015189961864962243,
            "acc": 1.0,
            "time": 1.7079157829284668,
            "time_start": 1626419059.213497,
            "time_finish": 1626419060.9214127,
            "time_cost": 1.7079157829284668
        },
        {
            "epoch": 13,
            "sample": 800,
            "lr": 0.00025,
            "loss": 0.00013311056529346387,
            "acc": 1.0,
            "time": 1.7297399044036865,
            "time_start": 1626419071.0911899,
            "time_finish": 1626419072.8209298,
            "time_cost": 1.7297399044036865
        },
        {
            "epoch": 14,
            "sample": 800,
            "lr": 0.00025,
            "loss": 0.00016286050045891899,
            "acc": 1.0,
            "time": 1.7056453227996826,
            "time_start": 1626419083.1153278,
            "time_finish": 1626419084.8209732,
            "time_cost": 1.7056453227996826
        },
        {
            "epoch": 15,
            "sample": 800,
            "lr": 0.000125,
            "loss": 0.00011047270796552766,
            "acc": 1.0,
            "time": 1.671565055847168,
            "time_start": 1626419095.2499175,
            "time_finish": 1626419096.9214826,
            "time_cost": 1.671565055847168
        }
    ],
    "val": [
        {
            "epoch": 0,
            "sample": 8000,
            "lr": 0.0,
            "loss": 0.10225321445055306,
            "acc": 0.971625,
            "time": 9.861740112304688,
            "time_start": 1626418916.2229483,
            "time_finish": 1626418926.0846884,
            "time_cost": 9.861740112304688
        },
        {
            "epoch": 1,
            "sample": 8000,
            "lr": 0.0,
            "loss": 0.1273328099467326,
            "acc": 0.962875,
            "time": 9.790924787521362,
            "time_start": 1626418927.9929166,
            "time_finish": 1626418937.7838414,
            "time_cost": 9.790924787521362
        },
        {
            "epoch": 2,
            "sample": 8000,
            "lr": 0.0,
            "loss": 0.09880965165072121,
            "acc": 0.97075,
            "time": 9.857646703720093,
            "time_start": 1626418939.5658038,