{
    "info": {
        "device": "cuda",
        "epoch": 20,
        "dataset": "stl10",
        "data_path": "/host/ubuntu/torch",
        "bs": 32,
        "root_path": "/host/ubuntu/torch",
        "arch": "swin_base_patch4_window12_384_22k",
        "lr": 0.001,
        "lr_scheduler": "step",
        "lr_step": 5,
        "lr_gamma": 0.5,
        "lr_scale": 0.1,
        "limit_train": 800,
        "limit_test": 0,
        "stats_fp": "./logs/massA/stats_210716_060826.json",
        "lineareval": true,
        "earlystop_epoch": 5,
        "pretrained": true,
        "note": "",
        "opt": "adamw",
        "fc": [
            512,
            128,
            32
        ],
        "image_size": 384
    },
    "telem": {
        "hardware": "1x3090",
        "sample_count_train": 800,
        "sample_count_val": 8000,
        "completed": false,
        "time_stamp": "210716_060826",
        "time_start": 1626415721.8570664,
        "time_finish": 1626417008.676005,
        "time_elapsed": 1286.8189384937286,
        "time_updated": 1626417008.6760113,
        "bs": null,
        "mode": "lineareval"
    },
    "results": {
        "epochs": 10,
        "epoch.time": 116.7382168119604,
        "epoch.sample_time": 0.0,
        "train.time": 11.885349642146718,
        "val.time": 104.85286716981368,
        "train.sample_time": 0.014856687052683398,
        "val.sample_time": 0.01310660839622671,
        "train.acc": 1.0,
        "train.loss": 9.999,
        "val.acc": 0.994625,
        "val.loss": 9.999
    },
    "train": [
        {
            "epoch": 0,
            "sample": 800,
            "lr": 0.001,
            "loss": 1.0495898549631237,
            "acc": 0.80375,
            "time": 19.683011531829834,
            "time_start": 1626415721.8570664,
            "time_finish": 1626415741.540078,
            "time_cost": 19.683011531829834
        },
        {
            "epoch": 1,
            "sample": 800,
            "lr": 0.001,
            "loss": 0.006675257247406989,
            "acc": 1.0,
            "time": 14.179828405380249,
            "time_start": 1626415876.2051084,
            "time_finish": 1626415890.3849368,
            "time_cost": 14.179828405380249
        },
        {
            "epoch": 2,
            "sample": 800,
            "lr": 0.001,
            "loss": 0.0008364998450269923,
            "acc": 1.0,
            "time": 14.099229335784912,
            "time_start": 1626416024.9258487,
            "time_finish": 1626416039.025078,
            "time_cost": 14.099229335784912
        },
        {
            "epoch": 3,
            "sample": 800,
            "lr": 0.001,
            "loss": 0.0008584848247846821,
            "acc": 1.0,
            "time": 14.218670129776001,
            "time_start": 1626416173.5312564,
            "time_finish": 1626416187.7499266,
            "time_cost": 14.218670129776001
        },
        {
            "epoch": 4,
            "sample": 800,
            "lr": 0.001,
            "loss": 0.0002501451320131309,
            "acc": 1.0,
            "time": 14.235236406326294,
            "time_start": 1626416322.4514794,
            "time_finish": 1626416336.6867158,
            "time_cost": 14.235236406326294
        },
        {
            "epoch": 5,
            "sample": 800,
            "lr": 0.0005,
            "loss": 0.0001499581985626719,
            "acc": 1.0,
            "time": 14.191808462142944,
            "time_start": 1626416471.3939261,
            "time_finish": 1626416485.5857346,
            "time_cost": 14.191808462142944
        },
        {
            "epoch": 6,
            "sample": 800,
            "lr": 0.0005,
            "loss": 8.163057442288846e-05,
            "acc": 1.0,
            "time": 8.021669387817383,
            "time_start": 1626416602.4153833,
            "time_finish": 1626416610.4370527,
            "time_cost": 8.021669387817383
        },
        {
            "epoch": 7,
            "sample": 800,
            "lr": 0.0005,
            "loss": 0.0005416372967374627,
            "acc": 1.0,
            "time": 8.025923013687134,
            "time_start": 1626416683.5184178,
            "time_finish": 1626416691.5443408,
            "time_cost": 8.025923013687134
        },
        {
            "epoch": 8,
            "sample": 800,
            "lr": 0.0005,
            "loss": 0.0019323249388253317,
            "acc": 0.99875,
            "time": 8.008273839950562,
            "time_start": 1626416764.837924,
            "time_finish": 1626416772.8461978,
            "time_cost": 8.008273839950562
        },
        {
            "epoch": 9,
            "sample": 800,
            "lr": 0.0005,
            "loss": 0.00023875368704466383,
            "acc": 1.0,
            "time": 8.04712724685669,
            "time_start": 1626416846.074311,
            "time_finish": 1626416854.1214383,
            "time_cost": 8.04712724685669
        },
        {
            "epoch": 10,
            "sample": 800,
            "lr": 0.00025,
            "loss": 9.213171599185443e-05,
            "acc": 1.0,
            "time": 8.02806830406189,
            "time_start": 1626416927.511772,
            "time_finish": 1626416935.5398402,
            "time_cost": 8.02806830406189
        }
    ],
    "val": [
        {
            "epoch": 0,
            "sample": 8000,
            "lr": 0.0,
            "loss": 0.04311604635231197,
            "acc": 0.994625,
            "time": 134.44222378730774,
            "time_start": 1626415741.651283,
            "time_finish": 1626415876.0935068,
            "time_cost": 134.44222378730774
        },
        {
            "epoch": 1,
            "sample": 8000,
            "lr": 0.0,
            "loss": 0.03023281055217376,
            "acc": 0.99275,
            "time": 134.29906821250916,
            "time_start": 1626415890.5053432,
            "time_finish": 1626416024.8044114,
            "time_cost": 134.29906821250916
        },
        {
            "epoch": 2,
            "sample": 8000,
            "lr": 0.0,
            "loss": 0.027702193364035337,
            "acc": 0.993375,
            "time": 134.2764687538147,
            "time_start": 1626416039.1393423,
            "time_finish": 1626416173.415811,
            "time_cost": 134.2764687538147
        },
        {
            "epoch": 3,
            "sample": 8000,
            "lr": 0.0,
            "loss": 0.02801589985465398,
            "acc": 0.994,
            "time": 134.46513056755066,
            "time_start": 1626416187.8774,
            "time_finish": 1626416322.3425305,
            "time_cost": 134.46513056755066
        },
        {
            "epoch": 4,
            "sample": 8000,
            "lr": 0.0,
            "loss": 0.024341563595862682,
            "acc": 0.99375,
            "time": 134.461758852005,
            "time_start": 1626416336.8150823,
            "time_finish": 1626416471.2768412,
            "time_cost": 134.461758852005
        },
        {
            "epoch": 5,
            "sample": 8000,
            "lr": 0.0,
            "loss": 0.023154775572911603,
            "acc": 0.994375,
            "time": 116.56704092025757,
            "time_start": 1626416485.7175674,
            "time_finish": 1626416602.2846084,
            "time_cost": 116.56704092025757
        },
        {
            "epoch": 6,
            "sample": 8000,
            "lr": 0.0,
            "loss": 0.020567706269437623,
            "acc": 0.994375,
            "time": 72.83640837669373,
            "time_start": 1626416610.5667694,
            "time_finish": 1626416683.4031777,
            "time_cost": 72.83640837669373
        },
        {
            "epoch": 7,
            "sample": 8000,
            "lr": 0.0,
            "loss": 0.024240899619544506,
            "acc": 0.993875,
            "time": 73.04405570030212,
            "time_start": 1626416691.6623695,
            "time_finish": 1626416764.7064252,