{
    "info": {
        "device": "cuda",
        "epoch": 20,
        "dataset": "stl10",
        "data_path": "/host/ubuntu/torch",
        "bs": 32,
        "root_path": "/host/ubuntu/torch",
        "arch": "swin_large_patch4_window12_384_22k",
        "lr": 0.001,
        "lr_scheduler": "step",
        "lr_step": 5,
        "lr_gamma": 0.5,
        "lr_scale": 0.1,
        "limit_train": 100,
        "limit_test": 0,
        "stats_fp": "./logs/massA/stats_210716_142308.json",
        "lineareval": true,
        "earlystop_epoch": 5,
        "pretrained": true,
        "note": "",
        "opt": "adamw",
        "fc": [
            512,
            128,
            32
        ],
        "image_size": 384
    },
    "telem": {
        "hardware": "1x3090",
        "sample_count_train": 100,
        "sample_count_val": 8000,
        "completed": false,
        "time_stamp": "210716_142308",
        "time_start": 1626445405.3657863,
        "time_finish": 1626447840.3304029,
        "time_elapsed": 2434.964616537094,
        "time_updated": 1626447840.330409,
        "bs": null,
        "mode": "lineareval"
    },
    "results": {
        "epochs": 19,
        "epoch.time": 121.51663796901704,
        "epoch.sample_time": 0.0,
        "train.time": 2.558024787902832,
        "val.time": 118.9586131811142,
        "train.sample_time": 0.02558024787902832,
        "val.sample_time": 0.014869826647639275,
        "train.acc": 1.0,
        "train.loss": 9.999,
        "val.acc": 0.9845,
        "val.loss": 9.999
    },
    "train": [
        {
            "epoch": 0,
            "sample": 100,
            "lr": 0.001,
            "loss": 2.2498964071273804,
            "acc": 0.33,
            "time": 6.200750112533569,
            "time_start": 1626445405.3657863,
            "time_finish": 1626445411.5665364,
            "time_cost": 6.200750112533569
        },
        {
            "epoch": 1,
            "sample": 100,
            "lr": 0.001,
            "loss": 1.9274040460586548,
            "acc": 0.88,
            "time": 2.3396434783935547,
            "time_start": 1626445530.5328646,
            "time_finish": 1626445532.872508,
            "time_cost": 2.3396434783935547
        },
        {
            "epoch": 2,
            "sample": 100,
            "lr": 0.001,
            "loss": 1.0936717316508293,
            "acc": 0.87,
            "time": 2.362060785293579,
            "time_start": 1626445652.117031,
            "time_finish": 1626445654.479092,
            "time_cost": 2.362060785293579
        },
        {
            "epoch": 3,
            "sample": 100,
            "lr": 0.001,
            "loss": 0.7709587216377258,
            "acc": 0.92,
            "time": 2.347306489944458,
            "time_start": 1626445773.869539,
            "time_finish": 1626445776.2168455,
            "time_cost": 2.347306489944458
        },
        {
            "epoch": 4,
            "sample": 100,
            "lr": 0.001,
            "loss": 0.21149265579879284,
            "acc": 0.98,
            "time": 2.4262845516204834,
            "time_start": 1626445895.3635523,
            "time_finish": 1626445897.789837,
            "time_cost": 2.4262845516204834
        },
        {
            "epoch": 5,
            "sample": 100,
            "lr": 0.0005,
            "loss": 0.08302239328622818,
            "acc": 1.0,
            "time": 2.402115821838379,
            "time_start": 1626446017.0172074,
            "time_finish": 1626446019.4193232,
            "time_cost": 2.402115821838379
        },
        {
            "epoch": 6,
            "sample": 100,
            "lr": 0.0005,
            "loss": 0.07231529103592038,
            "acc": 1.0,
            "time": 2.3856871128082275,
            "time_start": 1626446138.6085036,
            "time_finish": 1626446140.9941907,
            "time_cost": 2.3856871128082275
        },
        {
            "epoch": 7,
            "sample": 100,
            "lr": 0.0005,
            "loss": 0.02353014866821468,
            "acc": 1.0,
            "time": 2.347104549407959,
            "time_start": 1626446260.2382069,
            "time_finish": 1626446262.5853114,
            "time_cost": 2.347104549407959
        },
        {
            "epoch": 8,
            "sample": 100,
            "lr": 0.0005,
            "loss": 0.021824443712830544,
            "acc": 1.0,
            "time": 2.34757399559021,
            "time_start": 1626446381.8966782,
            "time_finish": 1626446384.2442522,
            "time_cost": 2.34757399559021
        },
        {
            "epoch": 9,
            "sample": 100,
            "lr": 0.0005,
            "loss": 0.007748327334411442,
            "acc": 1.0,
            "time": 2.371269941329956,
            "time_start": 1626446503.3491652,
            "time_finish": 1626446505.7204351,
            "time_cost": 2.371269941329956
        },
        {
            "epoch": 10,
            "sample": 100,
            "lr": 0.00025,
            "loss": 0.004208518599625677,
            "acc": 1.0,
            "time": 2.344879627227783,
            "time_start": 1626446624.8529525,
            "time_finish": 1626446627.197832,
            "time_cost": 2.344879627227783
        },
        {
            "epoch": 11,
            "sample": 100,
            "lr": 0.00025,
            "loss": 0.006152227753773332,
            "acc": 1.0,
            "time": 2.407984495162964,
            "time_start": 1626446746.2448773,
            "time_finish": 1626446748.6528618,
            "time_cost": 2.407984495162964
        },
        {
            "epoch": 12,
            "sample": 100,
            "lr": 0.00025,
            "loss": 0.0023459641088265926,
            "acc": 1.0,
            "time": 2.3484389781951904,
            "time_start": 1626446867.8578186,
            "time_finish": 1626446870.2062576,
            "time_cost": 2.3484389781951904
        },
        {
            "epoch": 13,
            "sample": 100,
            "lr": 0.00025,
            "loss": 0.002088790264679119,
            "acc": 1.0,
            "time": 2.343923330307007,
            "time_start": 1626446989.3481932,
            "time_finish": 1626446991.6921165,
            "time_cost": 2.343923330307007
        },
        {
            "epoch": 14,
            "sample": 100,
            "lr": 0.00025,
            "loss": 0.002719351672567427,
            "acc": 1.0,
            "time": 2.352952718734741,
            "time_start": 1626447110.8916008,
            "time_finish": 1626447113.2445536,
            "time_cost": 2.352952718734741
        },
        {
            "epoch": 15,
            "sample": 100,
            "lr": 0.000125,
            "loss": 0.002416039103991352,
            "acc": 1.0,
            "time": 2.367385149002075,
            "time_start": 1626447232.6992757,
            "time_finish": 1626447235.066661,
            "time_cost": 2.367385149002075
        },
        {
            "epoch": 16,
            "sample": 100,
            "lr": 0.000125,
            "loss": 0.0016610311868134886,
            "acc": 1.0,
            "time": 2.3485894203186035,
            "time_start": 1626447354.2247052,
            "time_finish": 1626447356.5732946,
            "time_cost": 2.3485894203186035
        },
        {
            "epoch": 17,
            "sample": 100,
            "lr": 0.000125,
            "loss": 0.0021040671272203326,
            "acc": 1.0,
            "time": 2.3942506313323975,
            "time_start": 1626447475.728262,
            "time_finish": 1626447478.1225126,
            "time_cost": 2.3942506313323975
        },
        {
            "epoch": 18,
            "sample": 100,
            "lr": 0.000125,
            "loss": 0.0017974351649172604,
            "acc": 1.0,
            "time": 2.3516557216644287,
            "time_start": 1626447597.3179855,
            "time_finish": 1626447599.6696413,