{
    "info": {
        "device": "cuda",
        "epoch": 20,
        "dataset": "stl10",
        "data_path": "/host/ubuntu/torch",
        "bs": 32,
        "root_path": "/host/ubuntu/torch",
        "arch": "resnext101_32x8d",
        "lr": 0.001,
        "lr_scheduler": "step",
        "lr_step": 5,
        "lr_gamma": 0.5,
        "lr_scale": 0.1,
        "limit_train": 0,
        "limit_test": 0,
        "stats_fp": "./logs/massA/stats_210716_035338.json",
        "lineareval": true,
        "earlystop_epoch": 5,
        "pretrained": true,
        "note": "",
        "opt": "adamw",
        "fc": [
            512,
            128,
            32
        ],
        "image_size": 224
    },
    "telem": {
        "hardware": "1x3090",
        "sample_count_train": 5000,
        "sample_count_val": 8000,
        "completed": false,
        "time_stamp": "210716_035338",
        "time_start": 1626407637.4370227,
        "time_finish": 1626409113.8163843,
        "time_elapsed": 1476.379361629486,
        "time_updated": 1626409113.816393,
        "bs": null,
        "mode": "lineareval"
    },
    "results": {
        "epochs": 19,
        "epoch.time": 73.61006422042846,
        "epoch.sample_time": 0.0,
        "train.time": 28.48651405572891,
        "val.time": 45.12355016469955,
        "train.sample_time": 0.005697302811145782,
        "val.sample_time": 0.005640443770587444,
        "train.acc": 0.9962,
        "train.loss": 9.999,
        "val.acc": 0.976125,
        "val.loss": 9.999
    },
    "train": [
        {
            "epoch": 0,
            "sample": 5000,
            "lr": 0.0010000000000000002,
            "loss": 0.38815222499049773,
            "acc": 0.8898,
            "time": 28.451027631759644,
            "time_start": 1626407637.4370227,
            "time_finish": 1626407665.8880503,
            "time_cost": 28.451027631759644
        },
        {
            "epoch": 1,
            "sample": 5000,
            "lr": 0.0010000000000000002,
            "loss": 0.1196654556010654,
            "acc": 0.961,
            "time": 28.51500916481018,
            "time_start": 1626407711.2192066,
            "time_finish": 1626407739.7342157,
            "time_cost": 28.51500916481018
        },
        {
            "epoch": 2,
            "sample": 5000,
            "lr": 0.0010000000000000002,
            "loss": 0.09462425028341734,
            "acc": 0.9726,
            "time": 28.470494270324707,
            "time_start": 1626407784.9988382,
            "time_finish": 1626407813.4693325,
            "time_cost": 28.470494270324707
        },
        {
            "epoch": 3,
            "sample": 5000,
            "lr": 0.0010000000000000002,
            "loss": 0.09820461698665409,
            "acc": 0.969,
            "time": 28.366633892059326,
            "time_start": 1626407858.7155948,
            "time_finish": 1626407887.0822287,
            "time_cost": 28.366633892059326
        },
        {
            "epoch": 4,
            "sample": 5000,
            "lr": 0.0010000000000000002,
            "loss": 0.061176618646421016,
            "acc": 0.9814,
            "time": 28.563901901245117,
            "time_start": 1626407932.3724444,
            "time_finish": 1626407960.9363463,
            "time_cost": 28.563901901245117
        },
        {
            "epoch": 5,
            "sample": 5000,
            "lr": 0.0005000000000000001,
            "loss": 0.039208636704979136,
            "acc": 0.9868,
            "time": 28.609126329421997,
            "time_start": 1626408006.2791305,
            "time_finish": 1626408034.8882568,
            "time_cost": 28.609126329421997
        },
        {
            "epoch": 6,
            "sample": 5000,
            "lr": 0.0005000000000000001,
            "loss": 0.04482720547357936,
            "acc": 0.9854,
            "time": 28.479177474975586,
            "time_start": 1626408080.0607536,
            "time_finish": 1626408108.539931,
            "time_cost": 28.479177474975586
        },
        {
            "epoch": 7,
            "sample": 5000,
            "lr": 0.0005000000000000001,
            "loss": 0.04454197950444665,
            "acc": 0.9854,
            "time": 28.417943716049194,
            "time_start": 1626408153.838906,
            "time_finish": 1626408182.2568498,
            "time_cost": 28.417943716049194
        },
        {
            "epoch": 8,
            "sample": 5000,
            "lr": 0.0005000000000000001,
            "loss": 0.037350120819262735,
            "acc": 0.9886,
            "time": 28.54176688194275,
            "time_start": 1626408227.5597053,
            "time_finish": 1626408256.1014721,
            "time_cost": 28.54176688194275
        },
        {
            "epoch": 9,
            "sample": 5000,
            "lr": 0.0005000000000000001,
            "loss": 0.03975155314498812,
            "acc": 0.9872,
            "time": 28.41384196281433,
            "time_start": 1626408301.2103038,
            "time_finish": 1626408329.6241457,
            "time_cost": 28.41384196281433
        },
        {
            "epoch": 10,
            "sample": 5000,
            "lr": 0.00025000000000000006,
            "loss": 0.02296601734529168,
            "acc": 0.9932,
            "time": 28.47615909576416,
            "time_start": 1626408374.838202,
            "time_finish": 1626408403.314361,
            "time_cost": 28.47615909576416
        },
        {
            "epoch": 11,
            "sample": 5000,
            "lr": 0.00025000000000000006,
            "loss": 0.029360691893320814,
            "acc": 0.99,
            "time": 28.380066394805908,
            "time_start": 1626408448.659581,
            "time_finish": 1626408477.0396473,
            "time_cost": 28.380066394805908
        },
        {
            "epoch": 12,
            "sample": 5000,
            "lr": 0.00025000000000000006,
            "loss": 0.021346301688189073,
            "acc": 0.9934,
            "time": 28.572227954864502,
            "time_start": 1626408522.3210917,
            "time_finish": 1626408550.8933196,
            "time_cost": 28.572227954864502
        },
        {
            "epoch": 13,
            "sample": 5000,
            "lr": 0.00025000000000000006,
            "loss": 0.01850043382232595,
            "acc": 0.9934,
            "time": 28.58794903755188,
            "time_start": 1626408596.3733025,
            "time_finish": 1626408624.9612515,
            "time_cost": 28.58794903755188
        },
        {
            "epoch": 14,
            "sample": 5000,
            "lr": 0.00025000000000000006,
            "loss": 0.023790648607755892,
            "acc": 0.9906,
            "time": 28.41637635231018,
            "time_start": 1626408670.3590133,
            "time_finish": 1626408698.7753897,
            "time_cost": 28.41637635231018
        },
        {
            "epoch": 15,
            "sample": 5000,
            "lr": 0.00012500000000000003,
            "loss": 0.01677445349789404,
            "acc": 0.9926,
            "time": 28.46477222442627,
            "time_start": 1626408744.2581208,
            "time_finish": 1626408772.722893,
            "time_cost": 28.46477222442627
        },
        {
            "epoch": 16,
            "sample": 5000,
            "lr": 0.00012500000000000003,
            "loss": 0.012050636692217679,
            "acc": 0.9962,
            "time": 28.380852937698364,
            "time_start": 1626408818.1329558,
            "time_finish": 1626408846.5138087,
            "time_cost": 28.380852937698364
        },
        {
            "epoch": 17,
            "sample": 5000,
            "lr": 0.00012500000000000003,
            "loss": 0.013761667609971112,
            "acc": 0.9954,
            "time": 28.44213318824768,
            "time_start": 1626408891.7581563,
            "time_finish": 1626408920.2002895,