{
    "info": {
        "time_stamp": "210802_185821"
    },
    "telem": {
        "device": "cuda",
        "lr": 0.005,
        "lr_backbone": 1e-05,
        "batch_size": 2,
        "weight_decay": 0.0001,
        "epochs": 20,
        "lr_drop": 200,
        "clip_max_norm": 0.1,
        "frozen_weights": null,
        "backbone": "resnet50",
        "dilation": false,
        "position_embedding": "sine",
        "enc_layers": 6,
        "dec_layers": 6,
        "dim_feedforward": 2048,
        "hidden_dim": 256,
        "dropout": 0.1,
        "nheads": 8,
        "num_queries": 100,
        "pre_norm": false,
        "masks": false,
        "aux_loss": true,
        "set_cost_class": 1,
        "set_cost_bbox": 5,
        "set_cost_giou": 2,
        "mask_loss_coef": 1,
        "dice_loss_coef": 1,
        "bbox_loss_coef": 5,
        "giou_loss_coef": 2,
        "eos_coef": 0.1,
        "dataset_file": "coco",
        "coco_path": "/host/ubuntu/torch/coco2017",
        "coco_panoptic_path": null,
        "remove_difficult": false,
        "output_dir": "",
        "seed": 42,
        "resume": "",
        "start_epoch": 0,
        "eval": false,
        "num_workers": 2,
        "world_size": 1,
        "dist_url": "env://",
        "distributed": 0,
        "train_limit": 5000,
        "val_limit": 1000,
        "class_limit": 5
    },
    "logs": [
        {
            "epoch": 1,
            "time_start": 1627930725.6450772,
            "time_finish": 1627931294.463813,
            "time_cost": 568.8187358379364,
            "time_train": 503.677396774292,
            "time_val": 65.1413221359253,
            "train": {
                "lr": 0.0009999999999999343,
                "class_error": 100.0,
                "loss": 46.749140711784364,
                "loss_ce": 1.4664273024201393,
                "loss_bbox": 4.424697683668136,
                "loss_giou": 2.191809544968605,
                "loss_ce_0": 1.0639629572868348,
                "loss_bbox_0": 4.220773402309418,
                "loss_giou_0": 2.257721529388428,
                "loss_ce_1": 1.166337280333042,
                "loss_bbox_1": 4.249820697212219,
                "loss_giou_1": 2.220593960237503,
                "loss_ce_2": 1.2259636571645736,
                "loss_bbox_2": 4.300488939666748,
                "loss_giou_2": 2.2119865806341172,
                "loss_ce_3": 1.292761395561695,
                "loss_bbox_3": 4.384361865139008,
                "loss_giou_3": 2.167122120761871,
                "loss_ce_4": 1.3122948875546456,
                "loss_bbox_4": 4.418417812252045,
                "loss_giou_4": 2.173599141526222,
                "loss_ce_unscaled": 1.4664273024201393,
                "class_error_unscaled": 100.0,
                "loss_bbox_unscaled": 0.8849395359396934,
                "loss_giou_unscaled": 1.0959047724843025,
                "cardinality_error_unscaled": 5.6756,
                "loss_ce_0_unscaled": 1.0639629572868348,
                "loss_bbox_0_unscaled": 0.8441546799778938,
                "loss_giou_0_unscaled": 1.128860764694214,
                "cardinality_error_0_unscaled": 4.4272,
                "loss_ce_1_unscaled": 1.166337280333042,
                "loss_bbox_1_unscaled": 0.84996413834095,
                "loss_giou_1_unscaled": 1.1102969801187514,
                "cardinality_error_1_unscaled": 4.472,
                "loss_ce_2_unscaled": 1.2259636571645736,
                "loss_bbox_2_unscaled": 0.8600977882146835,
                "loss_giou_2_unscaled": 1.1059932903170586,
                "cardinality_error_2_unscaled": 4.3994,
                "loss_ce_3_unscaled": 1.292761395561695,
                "loss_bbox_3_unscaled": 0.8768723723530769,
                "loss_giou_3_unscaled": 1.0835610603809356,
                "cardinality_error_3_unscaled": 4.5032,
                "loss_ce_4_unscaled": 1.3122948875546456,
                "loss_bbox_4_unscaled": 0.883683562386036,
                "loss_giou_4_unscaled": 1.086799570763111,
                "cardinality_error_4_unscaled": 4.3906
            },
            "val": {
                "class_error": 100.0,
                "loss": 44.74386933135986,
                "loss_ce": 1.0177591235041619,
                "loss_bbox": 4.128428239583969,
                "loss_giou": 2.3851649279594422,
                "loss_ce_0": 0.9668522320389747,
                "loss_bbox_0": 3.9905801956653595,
                "loss_giou_0": 2.475094145298004,
                "loss_ce_1": 0.9897622392773628,
                "loss_bbox_1": 3.97504651761055,
                "loss_giou_1": 2.4605437581539156,
                "loss_ce_2": 0.9650008724927902,
                "loss_bbox_2": 4.008520296096802,
                "loss_giou_2": 2.4364183385372162,
                "loss_ce_3": 0.9722147827744484,
                "loss_bbox_3": 4.1294819114208225,
                "loss_giou_3": 2.3657571659088137,
                "loss_ce_4": 0.9854352786540985,
                "loss_bbox_4": 4.123517896175384,
                "loss_giou_4": 2.368291622877121,
                "loss_ce_unscaled": 1.0177591235041619,
                "class_error_unscaled": 100.0,
                "loss_bbox_unscaled": 0.8256856474876404,
                "loss_giou_unscaled": 1.1925824639797211,
                "cardinality_error_unscaled": 4.777,
                "loss_ce_0_unscaled": 0.9668522320389747,
                "loss_bbox_0_unscaled": 0.7981160377860069,
                "loss_giou_0_unscaled": 1.237547072649002,
                "cardinality_error_0_unscaled": 4.777,
                "loss_ce_1_unscaled": 0.9897622392773628,
                "loss_bbox_1_unscaled": 0.795009301006794,
                "loss_giou_1_unscaled": 1.2302718790769578,
                "cardinality_error_1_unscaled": 4.777,
                "loss_ce_2_unscaled": 0.9650008724927902,
                "loss_bbox_2_unscaled": 0.8017040584087372,
                "loss_giou_2_unscaled": 1.2182091692686081,
                "cardinality_error_2_unscaled": 4.777,
                "loss_ce_3_unscaled": 0.9722147827744484,
                "loss_bbox_3_unscaled": 0.8258963830769062,
                "loss_giou_3_unscaled": 1.1828785829544068,
                "cardinality_error_3_unscaled": 4.851,
                "loss_ce_4_unscaled": 0.9854352786540985,
                "loss_bbox_4_unscaled": 0.8247035791873932,
                "loss_giou_4_unscaled": 1.1841458114385606,
                "cardinality_error_4_unscaled": 4.777,
                "coco_eval_bbox.ap": 8.004088572548854e-08,
                "coco_eval_bbox.ap50": 2.669521987384373e-07,
                "coco_eval_bbox.ap75": 0.0,
                "coco_eval_bbox.aps": 0.0,
                "coco_eval_bbox.apm": 1.0181898462747513e-06,
                "coco_eval_bbox.apl": 1.2200805864522133e-07,
                "coco_eval_bbox.ar": 2.3705108450871162e-05,
                "coco_eval_bbox.ar50": 2.403434606824437e-05,
                "coco_eval_bbox.ar75": 2.403434606824437e-05,
                "coco_eval_bbox.ars": 0.0,
                "coco_eval_bbox.arm": 8.714596949891067e-06,
                "coco_eval_bbox.arl": 9.941438712583686e-05
            }
        },
        {
            "epoch": 2,
            "time_start": 1627931294.4646504,
            "time_finish": 1627931838.0986552,
            "time_cost": 543.6340048313141,
            "time_train": 476.4134621620178,
            "time_val": 67.220529794693,
            "train": {
                "lr": 0.0009999999999999343,
                "class_error": 99.58982955932618,
                "loss": 42.51990526809692,
                "loss_ce": 0.9166619315624237,
                "loss_bbox": 3.917584115219116,
                "loss_giou": 2.369782657456398,
                "loss_ce_0": 0.9027698241472244,
                "loss_bbox_0": 3.7669671016216277,
                "loss_giou_0": 2.396407231116295,