{
    "info": {
        "random_info": 123,
        "other_info": "abc"
    },
    "telem": {
        "hardware": "1x3090",
        "sample_count_train": 1,
        "sample_count_val": 1,
        "completed": false,
        "time_stamp": "<unknown>",
        "time_start": 1626368240.8577502,
        "time_finish": 1626368250.0586388,
        "time_elapsed": 9.200888633728027,
        "time_updated": 1626368250.0586493,
        "bs": 20,
        "mode": "<unknown>"
    },
    "results": {
        "epochs": 1,
        "epoch.time": 4.548949480056763,
        "epoch.sample_time": 0.0,
        "train.time": 2.2628098726272583,
        "val.time": 2.2861396074295044,
        "train.sample_time": 0.0011314049363136292,
        "val.sample_time": 0.0011430698037147521,
        "train.acc": 0.7535593640846063,
        "train.loss": 9.999,
        "val.acc": 0.7340384602743513,
        "val.loss": 9.999
    },
    "train": [
        {
            "epoch": 0,
            "sample": 2000,
            "lr": 0.09999999999999998,
            "loss": 0.5365913467233382,
            "acc": 0.7535593640846063,
            "time": 2.2747199535369873,
            "time_start": 1626368240.8577502,
            "time_finish": 1626368243.1324701,
            "time_cost": 2.2747199535369873
        },
        {
            "epoch": 1,
            "sample": 2000,
            "lr": 0.08999999999999998,
            "loss": 0.556091782103895,
            "acc": 0.7358822334650107,
            "time": 2.2508997917175293,
            "time_start": 1626368245.4982402,
            "time_finish": 1626368247.74914,
            "time_cost": 2.2508997917175293
        }
    ],
    "val": [
        {
            "epoch": 0,
            "sample": 2000,
            "lr": 0.09999999999999998,
            "loss": 0.5001429446194738,
            "acc": 0.7340384602743513,
            "time": 2.3129758834838867,
            "time_start": 1626368243.15291,
            "time_finish": 1626368245.4658859,
            "time_cost": 2.3129758834838867
        },
        {
            "epoch": 1,
            "sample": 2000,
            "lr": 0.08999999999999998,
            "loss": 0.545895515543611,
            "acc": 0.7307975660315242,
            "time": 2.259303331375122,
            "time_start": 1626368247.7758524,
            "time_finish": 1626368250.0351558,
            "time_cost": 2.259303331375122
        }
    ]
}